코드,기준코드,기준,구코드,신코드,변경일,구_시도명,구_시군구명,신_시도명,신_시군구명,읍면동명
4119010100,4119210100,신코드,4119010100,4119210100,2023-12-29,경기도,부천시,경기도,부천시원미구,원미동
4119010200,4119210200,신코드,4119010200,4119210200,2023-12-29,경기도,부천시,경기도,부천시원미구,심곡동
4119010300,4119210300,신코드,4119010300,4119210300,2023-12-29,경기도,부천시,경기도,부천시원미구,춘의동
4119010400,4119210400,신코드,4119010400,4119210400,2023-12-29,경기도,부천시,경기도,부천시원미구,도당동
4119010500,4119210500,신코드,4119010500,4119210500,2023-12-29,경기도,부천시,경기도,부천시원미구,약대동
4119010600,4119210600,신코드,4119010600,4119210600,2023-12-29,경기도,부천시,경기도,부천시원미구,소사동
4119010700,4119210700,신코드,4119010700,4119210700,2023-12-29,경기도,부천시,경기도,부천시원미구,역곡동
4119010800,4119210800,신코드,4119010800,4119210800,2023-12-29,경기도,부천시,경기도,부천시원미구,중동
4119010900,4119210900,신코드,4119010900,4119210900,2023-12-29,경기도,부천시,경기도,부천시원미구,상동
4119011000,4119410100,신코드,4119011000,4119410100,2023-12-29,경기도,부천시,경기도,부천시소사구,소사본동
4119011100,4119410200,신코드,4119011100,4119410200,2023-12-29,경기도,부천시,경기도,부천시소사구,심곡본동
4119011200,4119410300,신코드,4119011200,4119410300,2023-12-29,경기도,부천시,경기도,부천시소사구,범박동
4119011300,4119410400,신코드,4119011300,4119410400,2023-12-29,경기도,부천시,경기도,부천시소사구,괴안동
4119011400,4119410500,신코드,4119011400,4119410500,2023-12-29,경기도,부천시,경기도,부천시소사구,송내동
4119011500,4119410600,신코드,4119011500,4119410600,2023-12-29,경기도,부천시,경기도,부천시소사구,옥길동
4119011600,4119410700,신코드,4119011600,4119410700,2023-12-29,경기도,부천시,경기도,부천시소사구,계수동
4119011700,4119610100,신코드,4119011700,4119610100,2023-12-29,경기도,부천시,경기도,부천시오정구,오정동
4119011800,4119610200,신코드,4119011800,4119610200,2023-12-29,경기도,부천시,경기도,부천시오정구,여월동
4119011900,4119610300,신코드,4119011900,4119610300,2023-12-29,경기도,부천시,경기도,부천시오정구,작동
4119012000,4119610400,신코드,4119012000,4119610400,2023-12-29,경기도,부천시,경기도,부천시오정구,원종동
4119012100,4119610500,신코드,4119012100,4119610500,2023-12-29,경기도,부천시,경기도,부천시오정구,고강동
4119012200,4119610600,신코드,4119012200,4119610600,2023-12-29,경기도,부천시,경기도,부천시오정구,대장동
4119012300,4119610700,신코드,4119012300,4119610700,2023-12-29,경기도,부천시,경기도,부천시오정구,삼정동
4119012400,4119610800,신코드,4119012400,4119610800,2023-12-29,경기도,부천시,경기도,부천시오정구,내동
4159510100,4159011600,구코드,4159011600,4159510100,2026-02-01,경기도,화성시,경기도,화성시병점구,진안동
4159510200,4159011700,구코드,4159011700,4159510200,2026-02-01,경기도,화성시,경기도,화성시병점구,병점동
4159710100,4159011800,구코드,4159011800,4159710100,2026-02-01,경기도,화성시,경기도,화성시동탄구,능동
4159510400,4159011900,구코드,4159011900,4159510400,2026-02-01,경기도,화성시,경기도,화성시병점구,기산동
4159510500,4159012000,구코드,4159012000,4159510500,2026-02-01,경기도,화성시,경기도,화성시병점구,반월동
4159510600,4159012100,구코드,4159012100,4159510600,2026-02-01,경기도,화성시,경기도,화성시병점구,반정동
4159510700,4159012200,구코드,4159012200,4159510700,2026-02-01,경기도,화성시,경기도,화성시병점구,황계동
4159310100,4159012300,구코드,4159012300,4159310100,2026-02-01,경기도,화성시,경기도,화성시효행구,배양동
4159310200,4159012400,구코드,4159012400,4159310200,2026-02-01,경기도,화성시,경기도,화성시효행구,기안동
4159510800,4159012500,구코드,4159012500,4159510800,2026-02-01,경기도,화성시,경기도,화성시병점구,송산동
4159510900,4159012600,구코드,4159012600,4159510900,2026-02-01,경기도,화성시,경기도,화성시병점구,안녕동
4159710200,4159012700,구코드,4159012700,4159710200,2026-02-01,경기도,화성시,경기도,화성시동탄구,반송동
4159710300,4159012800,구코드,4159012800,4159710300,2026-02-01,경기도,화성시,경기도,화성시동탄구,석우동
4159710500,4159013000,구코드,4159013000,4159710500,2026-02-01,경기도,화성시,경기도,화성시동탄구,청계동
4159710600,4159013100,구코드,4159013100,4159710600,2026-02-01,경기도,화성시,경기도,화성시동탄구,영천동
4159710700,4159013200,구코드,4159013200,4159710700,2026-02-01,경기도,화성시,경기도,화성시동탄구,중동
4159710800,4159013300,구코드,4159013300,4159710800,2026-02-01,경기도,화성시,경기도,화성시동탄구,신동
4159710900,4159013400,구코드,4159013400,4159710900,2026-02-01,경기도,화성시,경기도,화성시동탄구,목동
4159711000,4159013500,구코드,4159013500,4159711000,2026-02-01,경기도,화성시,경기도,화성시동탄구,산척동
4159711100,4159013600,구코드,4159013600,4159711100,2026-02-01,경기도,화성시,경기도,화성시동탄구,장지동
4159711200,4159013700,구코드,4159013700,4159711200,2026-02-01,경기도,화성시,경기도,화성시동탄구,송동
4159711300,4159013800,구코드,4159013800,4159711300,2026-02-01,경기도,화성시,경기도,화성시동탄구,방교동
4159711400,4159013900,구코드,4159013900,4159711400,2026-02-01,경기도,화성시,경기도,화성시동탄구,금곡동
4159325000,4159025300,구코드,4159025300,4159325000,2026-02-01,경기도,화성시,경기도,화성시효행구,봉담읍
4159125000,4159025600,구코드,4159025600,4159125000,2026-02-01,경기도,화성시,경기도,화성시만세구,우정읍
4159125300,4159025900,구코드,4159025900,4159125300,2026-02-01,경기도,화성시,경기도,화성시만세구,향남읍
4159125600,4159026200,구코드,4159026200,4159125600,2026-02-01,경기도,화성시,경기도,화성시만세구,남양읍
4159331000,4159031000,구코드,4159031000,4159331000,2026-02-01,경기도,화성시,경기도,화성시효행구,매송면
4159332000,4159032000,구코드,4159032000,4159332000,2026-02-01,경기도,화성시,경기도,화성시효행구,비봉면
4159131000,4159033000,구코드,4159033000,4159131000,2026-02-01,경기도,화성시,경기도,화성시만세구,마도면
4159132000,4159034000,구코드,4159034000,4159132000,2026-02-01,경기도,화성시,경기도,화성시만세구,송산면
4159133000,4159035000,구코드,4159035000,4159133000,2026-02-01,경기도,화성시,경기도,화성시만세구,서신면
4159134000,4159036000,구코드,4159036000,4159134000,2026-02-01,경기도,화성시,경기도,화성시만세구,팔탄면
4159135000,4159037000,구코드,4159037000,4159135000,2026-02-01,경기도,화성시,경기도,화성시만세구,장안면
4159136000,4159040000,구코드,4159040000,4159136000,2026-02-01,경기도,화성시,경기도,화성시만세구,양감면
4159333000,4159041000,구코드,4159041000,4159333000,2026-02-01,경기도,화성시,경기도,화성시효행구,정남면
2812510800,2811010100,구코드,2811010100,2812510800,2026-06-30,인천광역시,중구,인천광역시,제물포구,중앙동1가
2812510900,2811010200,구코드,2811010200,2812510900,2026-06-30,인천광역시,중구,인천광역시,제물포구,중앙동2가
2812511000,2811010300,구코드,2811010300,2812511000,2026-06-30,인천광역시,중구,인천광역시,제물포구,중앙동3가
2812511100,2811010400,구코드,2811010400,2812511100,2026-06-30,인천광역시,중구,인천광역시,제물포구,중앙동4가
2812511200,2811010500,구코드,2811010500,2812511200,2026-06-30,인천광역시,중구,인천광역시,제물포구,해안동1가
2812511300,2811010600,구코드,2811010600,2812511300,2026-06-30,인천광역시,중구,인천광역시,제물포구,해안동2가
2812511400,2811010700,구코드,2811010700,2812511400,2026-06-30,인천광역시,중구,인천광역시,제물포구,해안동3가
2812511500,2811010800,구코드,2811010800,2812511500,2026-06-30,인천광역시,중구,인천광역시,제물포구,해안동4가
2812511600,2811010900,구코드,2811010900,2812511600,2026-06-30,인천광역시,중구,인천광역시,제물포구,관동1가
2812511700,2811011000,구코드,2811011000,2812511700,2026-06-30,인천광역시,중구,인천광역시,제물포구,관동2가
2812511800,2811011100,구코드,2811011100,2812511800,2026-06-30,인천광역시,중구,인천광역시,제물포구,관동3가
2812511900,2811011200,구코드,2811011200,2812511900,2026-06-30,인천광역시,중구,인천광역시,제물포구,항동1가
2812512000,2811011300,구코드,2811011300,2812512000,2026-06-30,인천광역시,중구,인천광역시,제물포구,항동2가
2812512100,2811011400,구코드,2811011400,2812512100,2026-06-30,인천광역시,중구,인천광역시,제물포구,항동3가
2812512200,2811011500,구코드,2811011500,2812512200,2026-06-30,인천광역시,중구,인천광역시,제물포구,항동4가
2812512300,2811011600,구코드,2811011600,2812512300,2026-06-30,인천광역시,중구,인천광역시,제물포구,항동5가
2812512400,2811011700,구코드,2811011700,2812512400,2026-06-30,인천광역시,중구,인천광역시,제물포구,항동6가
2812512500,2811011800,구코드,2811011800,2812512500,2026-06-30,인천광역시,중구,인천광역시,제물포구,항동7가
2812512600,2811011900,구코드,2811011900,2812512600,2026-06-30,인천광역시,중구,인천광역시,제물포구,송학동1가
2812512700,2811012000,구코드,2811012000,2812512700,2026-06-30,인천광역시,중구,인천광역시,제물포구,송학동2가
2812512800,2811012100,구코드,2811012100,2812512800,2026-06-30,인천광역시,중구,인천광역시,제물포구,송학동3가
2812512900,2811012200,구코드,2811012200,2812512900,2026-06-30,인천광역시,중구,인천광역시,제물포구,사동
2812513000,2811012300,구코드,2811012300,2812513000,2026-06-30,인천광역시,중구,인천광역시,제물포구,신생동
2812513100,2811012400,구코드,2811012400,2812513100,2026-06-30,인천광역시,중구,인천광역시,제물포구,신포동
2812513200,2811012500,구코드,2811012500,2812513200,2026-06-30,인천광역시,중구,인천광역시,제물포구,답동
2812513300,2811012600,구코드,2811012600,2812513300,2026-06-30,인천광역시,중구,인천광역시,제물포구,신흥동1가
2812513400,2811012700,구코드,2811012700,2812513400,2026-06-30,인천광역시,중구,인천광역시,제물포구,신흥동2가
2812513500,2811012800,구코드,2811012800,2812513500,2026-06-30,인천광역시,중구,인천광역시,제물포구,신흥동3가
2812513600,2811012900,구코드,2811012900,2812513600,2026-06-30,인천광역시,중구,인천광역시,제물포구,선화동
2812513700,2811013000,구코드,2811013000,2812513700,2026-06-30,인천광역시,중구,인천광역시,제물포구,유동
2812513800,2811013100,구코드,2811013100,2812513800,2026-06-30,인천광역시,중구,인천광역시,제물포구,율목동
2812513900,2811013200,구코드,2811013200,2812513900,2026-06-30,인천광역시,중구,인천광역시,제물포구,도원동
2812514000,2811013300,구코드,2811013300,2812514000,2026-06-30,인천광역시,중구,인천광역시,제물포구,내동
2812514100,2811013400,구코드,2811013400,2812514100,2026-06-30,인천광역시,중구,인천광역시,제물포구,경동
2812514200,2811013500,구코드,2811013500,2812514200,2026-06-30,인천광역시,중구,인천광역시,제물포구,용동
2812514300,2811013600,구코드,2811013600,2812514300,2026-06-30,인천광역시,중구,인천광역시,제물포구,인현동
2812514400,2811013700,구코드,2811013700,2812514400,2026-06-30,인천광역시,중구,인천광역시,제물포구,전동
2812514500,2811013800,구코드,2811013800,2812514500,2026-06-30,인천광역시,중구,인천광역시,제물포구,북성동1가
2812514600,2811013900,구코드,2811013900,2812514600,2026-06-30,인천광역시,중구,인천광역시,제물포구,북성동2가
2812514700,2811014000,구코드,2811014000,2812514700,2026-06-30,인천광역시,중구,인천광역시,제물포구,북성동3가
2812514800,2811014100,구코드,2811014100,2812514800,2026-06-30,인천광역시,중구,인천광역시,제물포구,선린동
2812514900,2811014200,구코드,2811014200,2812514900,2026-06-30,인천광역시,중구,인천광역시,제물포구,송월동1가
2812515000,2811014300,구코드,2811014300,2812515000,2026-06-30,인천광역시,중구,인천광역시,제물포구,송월동2가
2812515100,2811014400,구코드,2811014400,2812515100,2026-06-30,인천광역시,중구,인천광역시,제물포구,송월동3가
2815510100,2811014500,구코드,2811014500,2815510100,2026-06-30,인천광역시,중구,인천광역시,영종구,중산동
2815510200,2811014600,구코드,2811014600,2815510200,2026-06-30,인천광역시,중구,인천광역시,영종구,운남동
2815510300,2811014700,구코드,2811014700,2815510300,2026-06-30,인천광역시,중구,인천광역시,영종구,운서동
2815510400,2811014800,구코드,2811014800,2815510400,2026-06-30,인천광역시,중구,인천광역시,영종구,운북동
2815510500,2811014900,구코드,2811014900,2815510500,2026-06-30,인천광역시,중구,인천광역시,영종구,을왕동
2815510600,2811015000,구코드,2811015000,2815510600,2026-06-30,인천광역시,중구,인천광역시,영종구,남북동
2815510700,2811015100,구코드,2811015100,2815510700,2026-06-30,인천광역시,중구,인천광역시,영종구,덕교동
2815510800,2811015200,구코드,2811015200,2815510800,2026-06-30,인천광역시,중구,인천광역시,영종구,무의동
2812510100,2814010100,구코드,2814010100,2812510100,2026-06-30,인천광역시,동구,인천광역시,제물포구,만석동
2812510200,2814010200,구코드,2814010200,2812510200,2026-06-30,인천광역시,동구,인천광역시,제물포구,화수동
2812510300,2814010300,구코드,2814010300,2812510300,2026-06-30,인천광역시,동구,인천광역시,제물포구,송현동
2812510400,2814010400,구코드,2814010400,2812510400,2026-06-30,인천광역시,동구,인천광역시,제물포구,화평동
2812510500,2814010500,구코드,2814010500,2812510500,2026-06-30,인천광역시,동구,인천광역시,제물포구,창영동
2812510600,2814010600,구코드,2814010600,2812510600,2026-06-30,인천광역시,동구,인천광역시,제물포구,금곡동
2812510700,2814010700,구코드,2814010700,2812510700,2026-06-30,인천광역시,동구,인천광역시,제물포구,송림동
2829010100,2826010100,구코드,2826010100,2829010100,2026-06-30,인천광역시,서구,인천광역시,검단구,백석동
2829010200,2826010200,구코드,2826010200,2829010200,2026-06-30,인천광역시,서구,인천광역시,검단구,시천동
2827510100,2826010300,구코드,2826010300,2827510100,2026-06-30,인천광역시,서구,인천광역시,서해구,검암동
2827510200,2826010400,구코드,2826010400,2827510200,2026-06-30,인천광역시,서구,인천광역시,서해구,경서동
2827510300,2826010500,구코드,2826010500,2827510300,2026-06-30,인천광역시,서구,인천광역시,서해구,공촌동
2827510400,2826010600,구코드,2826010600,2827510400,2026-06-30,인천광역시,서구,인천광역시,서해구,연희동
2827510500,2826010700,구코드,2826010700,2827510500,2026-06-30,인천광역시,서구,인천광역시,서해구,심곡동
2827510600,2826010800,구코드,2826010800,2827510600,2026-06-30,인천광역시,서구,인천광역시,서해구,가정동
2827510700,2826010900,구코드,2826010900,2827510700,2026-06-30,인천광역시,서구,인천광역시,서해구,신현동
2827510800,2826011000,구코드,2826011000,2827510800,2026-06-30,인천광역시,서구,인천광역시,서해구,석남동
2827510900,2826011100,구코드,2826011100,2827510900,2026-06-30,인천광역시,서구,인천광역시,서해구,원창동
2827511000,2826011200,구코드,2826011200,2827511000,2026-06-30,인천광역시,서구,인천광역시,서해구,가좌동
2829010300,2826011300,구코드,2826011300,2829010300,2026-06-30,인천광역시,서구,인천광역시,검단구,마전동
2829010400,2826011400,구코드,2826011400,2829010400,2026-06-30,인천광역시,서구,인천광역시,검단구,당하동
2829010500,2826011500,구코드,2826011500,2829010500,2026-06-30,인천광역시,서구,인천광역시,검단구,원당동
2829010600,2826011700,구코드,2826011700,2829010600,2026-06-30,인천광역시,서구,인천광역시,검단구,대곡동
2829010700,2826011800,구코드,2826011800,2829010700,2026-06-30,인천광역시,서구,인천광역시,검단구,금곡동
2829010800,2826011900,구코드,2826011900,2829010800,2026-06-30,인천광역시,서구,인천광역시,검단구,오류동
2829010900,2826012000,구코드,2826012000,2829010900,2026-06-30,인천광역시,서구,인천광역시,검단구,왕길동
2829011000,2826012100,구코드,2826012100,2829011000,2026-06-30,인천광역시,서구,인천광역시,검단구,불로동
2827511100,2826012200,구코드,2826012200,2827511100,2026-06-30,인천광역시,서구,인천광역시,서해구,청라동
1221010100,2911010100,구코드,2911010100,1221010100,2026-06-30,광주광역시,동구,전남광주통합특별시,동구,대인동
1221010200,2911010200,구코드,2911010200,1221010200,2026-06-30,광주광역시,동구,전남광주통합특별시,동구,금남로5가
1221010300,2911010300,구코드,2911010300,1221010300,2026-06-30,광주광역시,동구,전남광주통합특별시,동구,충장로5가
1221010400,2911010400,구코드,2911010400,1221010400,2026-06-30,광주광역시,동구,전남광주통합특별시,동구,수기동
1221010500,2911010500,구코드,2911010500,1221010500,2026-06-30,광주광역시,동구,전남광주통합특별시,동구,대의동
1221010600,2911010600,구코드,2911010600,1221010600,2026-06-30,광주광역시,동구,전남광주통합특별시,동구,궁동
1221010700,2911010700,구코드,2911010700,1221010700,2026-06-30,광주광역시,동구,전남광주통합특별시,동구,장동
1221010800,2911010800,구코드,2911010800,1221010800,2026-06-30,광주광역시,동구,전남광주통합특별시,동구,동명동
1221010900,2911010900,구코드,2911010900,1221010900,2026-06-30,광주광역시,동구,전남광주통합특별시,동구,계림동
1221011000,2911011000,구코드,2911011000,1221011000,2026-06-30,광주광역시,동구,전남광주통합특별시,동구,산수동
1221011100,2911011100,구코드,2911011100,1221011100,2026-06-30,광주광역시,동구,전남광주통합특별시,동구,지산동
1221011200,2911011200,구코드,2911011200,1221011200,2026-06-30,광주광역시,동구,전남광주통합특별시,동구,남동
1221011300,2911011300,구코드,2911011300,1221011300,2026-06-30,광주광역시,동구,전남광주통합특별시,동구,광산동
1221011400,2911011400,구코드,2911011400,1221011400,2026-06-30,광주광역시,동구,전남광주통합특별시,동구,금동
1221011500,2911011500,구코드,2911011500,1221011500,2026-06-30,광주광역시,동구,전남광주통합특별시,동구,호남동
1221011600,2911011600,구코드,2911011600,1221011600,2026-06-30,광주광역시,동구,전남광주통합특별시,동구,불로동
1221011700,2911011700,구코드,2911011700,1221011700,2026-06-30,광주광역시,동구,전남광주통합특별시,동구,황금동
1221011800,2911011800,구코드,2911011800,1221011800,2026-06-30,광주광역시,동구,전남광주통합특별시,동구,서석동
1221011900,2911011900,구코드,2911011900,1221011900,2026-06-30,광주광역시,동구,전남광주통합특별시,동구,소태동
1221012000,2911012000,구코드,2911012000,1221012000,2026-06-30,광주광역시,동구,전남광주통합특별시,동구,용연동
1221012100,2911012100,구코드,2911012100,1221012100,2026-06-30,광주광역시,동구,전남광주통합특별시,동구,운림동
1221012200,2911012200,구코드,2911012200,1221012200,2026-06-30,광주광역시,동구,전남광주통합특별시,동구,학동
1221012300,2911012300,구코드,2911012300,1221012300,2026-06-30,광주광역시,동구,전남광주통합특별시,동구,월남동
1221012400,2911012400,구코드,2911012400,1221012400,2026-06-30,광주광역시,동구,전남광주통합특별시,동구,선교동
1221012500,2911012500,구코드,2911012500,1221012500,2026-06-30,광주광역시,동구,전남광주통합특별시,동구,내남동
1221012600,2911012600,구코드,2911012600,1221012600,2026-06-30,광주광역시,동구,전남광주통합특별시,동구,용산동
1221012700,2911012700,구코드,2911012700,1221012700,2026-06-30,광주광역시,동구,전남광주통합특별시,동구,충장로1가
1221012800,2911012800,구코드,2911012800,1221012800,2026-06-30,광주광역시,동구,전남광주통합특별시,동구,충장로2가
1221012900,2911012900,구코드,2911012900,1221012900,2026-06-30,광주광역시,동구,전남광주통합특별시,동구,충장로3가
1221013000,2911013000,구코드,2911013000,1221013000,2026-06-30,광주광역시,동구,전남광주통합특별시,동구,충장로4가
1221013100,2911013100,구코드,2911013100,1221013100,2026-06-30,광주광역시,동구,전남광주통합특별시,동구,금남로1가
1221013200,2911013200,구코드,2911013200,1221013200,2026-06-30,광주광역시,동구,전남광주통합특별시,동구,금남로2가
1221013300,2911013300,구코드,2911013300,1221013300,2026-06-30,광주광역시,동구,전남광주통합특별시,동구,금남로3가
1221013400,2911013400,구코드,2911013400,1221013400,2026-06-30,광주광역시,동구,전남광주통합특별시,동구,금남로4가
1224010400,2914010400,구코드,2914010400,1224010400,2026-06-30,광주광역시,서구,전남광주통합특별시,서구,양동
1224010600,2914010600,구코드,2914010600,1224010600,2026-06-30,광주광역시,서구,전남광주통합특별시,서구,농성동
1224011500,2914011500,구코드,2914011500,1224011500,2026-06-30,광주광역시,서구,전남광주통합특별시,서구,광천동
1224011600,2914011600,구코드,2914011600,1224011600,2026-06-30,광주광역시,서구,전남광주통합특별시,서구,유촌동
1224011700,2914011700,구코드,2914011700,1224011700,2026-06-30,광주광역시,서구,전남광주통합특별시,서구,덕흥동
1224011800,2914011800,구코드,2914011800,1224011800,2026-06-30,광주광역시,서구,전남광주통합특별시,서구,쌍촌동
1224011900,2914011900,구코드,2914011900,1224011900,2026-06-30,광주광역시,서구,전남광주통합특별시,서구,화정동
1224012000,2914012000,구코드,2914012000,1224012000,2026-06-30,광주광역시,서구,전남광주통합특별시,서구,치평동
1224012100,2914012100,구코드,2914012100,1224012100,2026-06-30,광주광역시,서구,전남광주통합특별시,서구,내방동
1224012500,2914012500,구코드,2914012500,1224012500,2026-06-30,광주광역시,서구,전남광주통합특별시,서구,서창동
1224012600,2914012600,구코드,2914012600,1224012600,2026-06-30,광주광역시,서구,전남광주통합특별시,서구,세하동
1224012700,2914012700,구코드,2914012700,1224012700,2026-06-30,광주광역시,서구,전남광주통합특별시,서구,용두동
1224012800,2914012800,구코드,2914012800,1224012800,2026-06-30,광주광역시,서구,전남광주통합특별시,서구,풍암동
1224012900,2914012900,구코드,2914012900,1224012900,2026-06-30,광주광역시,서구,전남광주통합특별시,서구,벽진동
1224013000,2914013000,구코드,2914013000,1224013000,2026-06-30,광주광역시,서구,전남광주통합특별시,서구,금호동
1224013100,2914013100,구코드,2914013100,1224013100,2026-06-30,광주광역시,서구,전남광주통합특별시,서구,마륵동
1224013200,2914013200,구코드,2914013200,1224013200,2026-06-30,광주광역시,서구,전남광주통합특별시,서구,매월동
1224013300,2914013300,구코드,2914013300,1224013300,2026-06-30,광주광역시,서구,전남광주통합특별시,서구,동천동
1227010100,2915510100,구코드,2915510100,1227010100,2026-06-30,광주광역시,남구,전남광주통합특별시,남구,사동
1227010200,2915510200,구코드,2915510200,1227010200,2026-06-30,광주광역시,남구,전남광주통합특별시,남구,구동
1227010300,2915510300,구코드,2915510300,1227010300,2026-06-30,광주광역시,남구,전남광주통합특별시,남구,서동
1227010400,2915510400,구코드,2915510400,1227010400,2026-06-30,광주광역시,남구,전남광주통합특별시,남구,월산동
1227010500,2915510500,구코드,2915510500,1227010500,2026-06-30,광주광역시,남구,전남광주통합특별시,남구,백운동
1227010600,2915510600,구코드,2915510600,1227010600,2026-06-30,광주광역시,남구,전남광주통합특별시,남구,주월동
1227010700,2915510700,구코드,2915510700,1227010700,2026-06-30,광주광역시,남구,전남광주통합특별시,남구,노대동
1227010800,2915510800,구코드,2915510800,1227010800,2026-06-30,광주광역시,남구,전남광주통합특별시,남구,진월동
1227010900,2915510900,구코드,2915510900,1227010900,2026-06-30,광주광역시,남구,전남광주통합특별시,남구,덕남동
1227011000,2915511000,구코드,2915511000,1227011000,2026-06-30,광주광역시,남구,전남광주통합특별시,남구,행암동
1227011100,2915511100,구코드,2915511100,1227011100,2026-06-30,광주광역시,남구,전남광주통합특별시,남구,임암동
1227011200,2915511200,구코드,2915511200,1227011200,2026-06-30,광주광역시,남구,전남광주통합특별시,남구,송하동
1227011300,2915511300,구코드,2915511300,1227011300,2026-06-30,광주광역시,남구,전남광주통합특별시,남구,양림동
1227011400,2915511400,구코드,2915511400,1227011400,2026-06-30,광주광역시,남구,전남광주통합특별시,남구,방림동
1227011500,2915511500,구코드,2915511500,1227011500,2026-06-30,광주광역시,남구,전남광주통합특별시,남구,봉선동
1227011600,2915511600,구코드,2915511600,1227011600,2026-06-30,광주광역시,남구,전남광주통합특별시,남구,구소동
1227011700,2915511700,구코드,2915511700,1227011700,2026-06-30,광주광역시,남구,전남광주통합특별시,남구,양촌동
1227011800,2915511800,구코드,2915511800,1227011800,2026-06-30,광주광역시,남구,전남광주통합특별시,남구,도금동
1227011900,2915511900,구코드,2915511900,1227011900,2026-06-30,광주광역시,남구,전남광주통합특별시,남구,승촌동
1227012000,2915512000,구코드,2915512000,1227012000,2026-06-30,광주광역시,남구,전남광주통합특별시,남구,지석동
1227012100,2915512100,구코드,2915512100,1227012100,2026-06-30,광주광역시,남구,전남광주통합특별시,남구,압촌동
1227012200,2915512200,구코드,2915512200,1227012200,2026-06-30,광주광역시,남구,전남광주통합특별시,남구,화장동
1227012300,2915512300,구코드,2915512300,1227012300,2026-06-30,광주광역시,남구,전남광주통합특별시,남구,칠석동
1227012400,2915512400,구코드,2915512400,1227012400,2026-06-30,광주광역시,남구,전남광주통합특별시,남구,석정동
1227012500,2915512500,구코드,2915512500,1227012500,2026-06-30,광주광역시,남구,전남광주통합특별시,남구,신장동
1227012600,2915512600,구코드,2915512600,1227012600,2026-06-30,광주광역시,남구,전남광주통합특별시,남구,양과동
1227012700,2915512700,구코드,2915512700,1227012700,2026-06-30,광주광역시,남구,전남광주통합특별시,남구,이장동
1227012800,2915512800,구코드,2915512800,1227012800,2026-06-30,광주광역시,남구,전남광주통합특별시,남구,대지동
1227012900,2915512900,구코드,2915512900,1227012900,2026-06-30,광주광역시,남구,전남광주통합특별시,남구,원산동
1227013000,2915513000,구코드,2915513000,1227013000,2026-06-30,광주광역시,남구,전남광주통합특별시,남구,월성동
1230010100,2917010100,구코드,2917010100,1230010100,2026-06-30,광주광역시,북구,전남광주통합특별시,북구,중흥동
1230010200,2917010200,구코드,2917010200,1230010200,2026-06-30,광주광역시,북구,전남광주통합특별시,북구,유동
1230010300,2917010300,구코드,2917010300,1230010300,2026-06-30,광주광역시,북구,전남광주통합특별시,북구,누문동
1230010400,2917010400,구코드,2917010400,1230010400,2026-06-30,광주광역시,북구,전남광주통합특별시,북구,북동
1230010500,2917010500,구코드,2917010500,1230010500,2026-06-30,광주광역시,북구,전남광주통합특별시,북구,임동
1230010600,2917010600,구코드,2917010600,1230010600,2026-06-30,광주광역시,북구,전남광주통합특별시,북구,신안동
1230010700,2917010700,구코드,2917010700,1230010700,2026-06-30,광주광역시,북구,전남광주통합특별시,북구,용봉동
1230010800,2917010800,구코드,2917010800,1230010800,2026-06-30,광주광역시,북구,전남광주통합특별시,북구,동림동
1230010900,2917010900,구코드,2917010900,1230010900,2026-06-30,광주광역시,북구,전남광주통합특별시,북구,운암동
1230011000,2917011000,구코드,2917011000,1230011000,2026-06-30,광주광역시,북구,전남광주통합특별시,북구,우산동
1230011100,2917011100,구코드,2917011100,1230011100,2026-06-30,광주광역시,북구,전남광주통합특별시,북구,풍향동
1230011200,2917011200,구코드,2917011200,1230011200,2026-06-30,광주광역시,북구,전남광주통합특별시,북구,문흥동
1230011300,2917011300,구코드,2917011300,1230011300,2026-06-30,광주광역시,북구,전남광주통합특별시,북구,각화동
1230011400,2917011400,구코드,2917011400,1230011400,2026-06-30,광주광역시,북구,전남광주통합특별시,북구,두암동
1230011500,2917011500,구코드,2917011500,1230011500,2026-06-30,광주광역시,북구,전남광주통합특별시,북구,오치동
1230011600,2917011600,구코드,2917011600,1230011600,2026-06-30,광주광역시,북구,전남광주통합특별시,북구,삼각동
1230011700,2917011700,구코드,2917011700,1230011700,2026-06-30,광주광역시,북구,전남광주통합특별시,북구,매곡동
1230011800,2917011800,구코드,2917011800,1230011800,2026-06-30,광주광역시,북구,전남광주통합특별시,북구,충효동
1230011900,2917011900,구코드,2917011900,1230011900,2026-06-30,광주광역시,북구,전남광주통합특별시,북구,덕의동
1230012000,2917012000,구코드,2917012000,1230012000,2026-06-30,광주광역시,북구,전남광주통합특별시,북구,금곡동
1230012100,2917012100,구코드,2917012100,1230012100,2026-06-30,광주광역시,북구,전남광주통합특별시,북구,망월동
1230012200,2917012200,구코드,2917012200,1230012200,2026-06-30,광주광역시,북구,전남광주통합특별시,북구,청풍동
1230012300,2917012300,구코드,2917012300,1230012300,2026-06-30,광주광역시,북구,전남광주통합특별시,북구,화암동
1230012400,2917012400,구코드,2917012400,1230012400,2026-06-30,광주광역시,북구,전남광주통합특별시,북구,장등동
1230012500,2917012500,구코드,2917012500,1230012500,2026-06-30,광주광역시,북구,전남광주통합특별시,북구,운정동
1230012600,2917012600,구코드,2917012600,1230012600,2026-06-30,광주광역시,북구,전남광주통합특별시,북구,본촌동
1230012700,2917012700,구코드,2917012700,1230012700,2026-06-30,광주광역시,북구,전남광주통합특별시,북구,일곡동
1230012800,2917012800,구코드,2917012800,1230012800,2026-06-30,광주광역시,북구,전남광주통합특별시,북구,양산동
1230012900,2917012900,구코드,2917012900,1230012900,2026-06-30,광주광역시,북구,전남광주통합특별시,북구,연제동
1230013000,2917013000,구코드,2917013000,1230013000,2026-06-30,광주광역시,북구,전남광주통합특별시,북구,신용동
1230013100,2917013100,구코드,2917013100,1230013100,2026-06-30,광주광역시,북구,전남광주통합특별시,북구,용두동
1230013200,2917013200,구코드,2917013200,1230013200,2026-06-30,광주광역시,북구,전남광주통합특별시,북구,지야동
1230013300,2917013300,구코드,2917013300,1230013300,2026-06-30,광주광역시,북구,전남광주통합특별시,북구,태령동
1230013400,2917013400,구코드,2917013400,1230013400,2026-06-30,광주광역시,북구,전남광주통합특별시,북구,수곡동
1230013500,2917013500,구코드,2917013500,1230013500,2026-06-30,광주광역시,북구,전남광주통합특별시,북구,효령동
1230013600,2917013600,구코드,2917013600,1230013600,2026-06-30,광주광역시,북구,전남광주통합특별시,북구,용전동
1230013700,2917013700,구코드,2917013700,1230013700,2026-06-30,광주광역시,북구,전남광주통합특별시,북구,용강동
1230013800,2917013800,구코드,2917013800,1230013800,2026-06-30,광주광역시,북구,전남광주통합특별시,북구,생용동
1230013900,2917013900,구코드,2917013900,1230013900,2026-06-30,광주광역시,북구,전남광주통합특별시,북구,월출동
1230014000,2917014000,구코드,2917014000,1230014000,2026-06-30,광주광역시,북구,전남광주통합특별시,북구,대촌동
1230014100,2917014100,구코드,2917014100,1230014100,2026-06-30,광주광역시,북구,전남광주통합특별시,북구,오룡동
1233010100,2920010100,구코드,2920010100,1233010100,2026-06-30,광주광역시,광산구,전남광주통합특별시,광산구,송정동
1233010200,2920010200,구코드,2920010200,1233010200,2026-06-30,광주광역시,광산구,전남광주통합특별시,광산구,도산동
1233010300,2920010300,구코드,2920010300,1233010300,2026-06-30,광주광역시,광산구,전남광주통합특별시,광산구,도호동
1233010400,2920010400,구코드,2920010400,1233010400,2026-06-30,광주광역시,광산구,전남광주통합특별시,광산구,신촌동
1233010500,2920010500,구코드,2920010500,1233010500,2026-06-30,광주광역시,광산구,전남광주통합특별시,광산구,서봉동
1233010600,2920010600,구코드,2920010600,1233010600,2026-06-30,광주광역시,광산구,전남광주통합특별시,광산구,운수동
1233010700,2920010700,구코드,2920010700,1233010700,2026-06-30,광주광역시,광산구,전남광주통합특별시,광산구,선암동
1233010800,2920010800,구코드,2920010800,1233010800,2026-06-30,광주광역시,광산구,전남광주통합특별시,광산구,소촌동
1233010900,2920010900,구코드,2920010900,1233010900,2026-06-30,광주광역시,광산구,전남광주통합특별시,광산구,우산동
1233011000,2920011000,구코드,2920011000,1233011000,2026-06-30,광주광역시,광산구,전남광주통합특별시,광산구,황룡동
1233011100,2920011100,구코드,2920011100,1233011100,2026-06-30,광주광역시,광산구,전남광주통합특별시,광산구,박호동
1233011200,2920011200,구코드,2920011200,1233011200,2026-06-30,광주광역시,광산구,전남광주통합특별시,광산구,비아동
1233011300,2920011300,구코드,2920011300,1233011300,2026-06-30,광주광역시,광산구,전남광주통합특별시,광산구,도천동
1233011400,2920011400,구코드,2920011400,1233011400,2026-06-30,광주광역시,광산구,전남광주통합특별시,광산구,수완동
1233011500,2920011500,구코드,2920011500,1233011500,2026-06-30,광주광역시,광산구,전남광주통합특별시,광산구,월계동
1233011600,2920011600,구코드,2920011600,1233011600,2026-06-30,광주광역시,광산구,전남광주통합특별시,광산구,쌍암동
1233011700,2920011700,구코드,2920011700,1233011700,2026-06-30,광주광역시,광산구,전남광주통합특별시,광산구,산월동
1233011800,2920011800,구코드,2920011800,1233011800,2026-06-30,광주광역시,광산구,전남광주통합특별시,광산구,신창동
1233011900,2920011900,구코드,2920011900,1233011900,2026-06-30,광주광역시,광산구,전남광주통합특별시,광산구,신가동
1233012000,2920012000,구코드,2920012000,1233012000,2026-06-30,광주광역시,광산구,전남광주통합특별시,광산구,운남동
1233012100,2920012100,구코드,2920012100,1233012100,2026-06-30,광주광역시,광산구,전남광주통합특별시,광산구,안청동
1233012200,2920012200,구코드,2920012200,1233012200,2026-06-30,광주광역시,광산구,전남광주통합특별시,광산구,진곡동
1233012300,2920012300,구코드,2920012300,1233012300,2026-06-30,광주광역시,광산구,전남광주통합특별시,광산구,장덕동
1233012400,2920012400,구코드,2920012400,1233012400,2026-06-30,광주광역시,광산구,전남광주통합특별시,광산구,흑석동
1233012500,2920012500,구코드,2920012500,1233012500,2026-06-30,광주광역시,광산구,전남광주통합특별시,광산구,하남동
1233012600,2920012600,구코드,2920012600,1233012600,2026-06-30,광주광역시,광산구,전남광주통합특별시,광산구,장수동
1233012700,2920012700,구코드,2920012700,1233012700,2026-06-30,광주광역시,광산구,전남광주통합특별시,광산구,산정동
1233012800,2920012800,구코드,2920012800,1233012800,2026-06-30,광주광역시,광산구,전남광주통합특별시,광산구,월곡동
1233012900,2920012900,구코드,2920012900,1233012900,2026-06-30,광주광역시,광산구,전남광주통합특별시,광산구,등임동
1233013000,2920013000,구코드,2920013000,1233013000,2026-06-30,광주광역시,광산구,전남광주통합특별시,광산구,산막동
1233013100,2920013100,구코드,2920013100,1233013100,2026-06-30,광주광역시,광산구,전남광주통합특별시,광산구,고룡동
1233013200,2920013200,구코드,2920013200,1233013200,2026-06-30,광주광역시,광산구,전남광주통합특별시,광산구,신룡동
1233013300,2920013300,구코드,2920013300,1233013300,2026-06-30,광주광역시,광산구,전남광주통합특별시,광산구,두정동
1233013400,2920013400,구코드,2920013400,1233013400,2026-06-30,광주광역시,광산구,전남광주통합특별시,광산구,임곡동
1233013500,2920013500,구코드,2920013500,1233013500,2026-06-30,광주광역시,광산구,전남광주통합특별시,광산구,광산동
1233013600,2920013600,구코드,2920013600,1233013600,2026-06-30,광주광역시,광산구,전남광주통합특별시,광산구,오산동
1233013700,2920013700,구코드,2920013700,1233013700,2026-06-30,광주광역시,광산구,전남광주통합특별시,광산구,사호동
1233013800,2920013800,구코드,2920013800,1233013800,2026-06-30,광주광역시,광산구,전남광주통합특별시,광산구,하산동
1233013900,2920013900,구코드,2920013900,1233013900,2026-06-30,광주광역시,광산구,전남광주통합특별시,광산구,유계동
1233014000,2920014000,구코드,2920014000,1233014000,2026-06-30,광주광역시,광산구,전남광주통합특별시,광산구,본덕동
1233014100,2920014100,구코드,2920014100,1233014100,2026-06-30,광주광역시,광산구,전남광주통합특별시,광산구,용봉동
1233014200,2920014200,구코드,2920014200,1233014200,2026-06-30,광주광역시,광산구,전남광주통합특별시,광산구,요기동
1233014300,2920014300,구코드,2920014300,1233014300,2026-06-30,광주광역시,광산구,전남광주통합특별시,광산구,복룡동
1233014400,2920014400,구코드,2920014400,1233014400,2026-06-30,광주광역시,광산구,전남광주통합특별시,광산구,송대동
1233014500,2920014500,구코드,2920014500,1233014500,2026-06-30,광주광역시,광산구,전남광주통합특별시,광산구,옥동
1233014600,2920014600,구코드,2920014600,1233014600,2026-06-30,광주광역시,광산구,전남광주통합특별시,광산구,월전동
1233014700,2920014700,구코드,2920014700,1233014700,2026-06-30,광주광역시,광산구,전남광주통합특별시,광산구,장록동
1233014800,2920014800,구코드,2920014800,1233014800,2026-06-30,광주광역시,광산구,전남광주통합특별시,광산구,송촌동
1233014900,2920014900,구코드,2920014900,1233014900,2026-06-30,광주광역시,광산구,전남광주통합특별시,광산구,지죽동
1233015000,2920015000,구코드,2920015000,1233015000,2026-06-30,광주광역시,광산구,전남광주통합특별시,광산구,용동
1233015100,2920015100,구코드,2920015100,1233015100,2026-06-30,광주광역시,광산구,전남광주통합특별시,광산구,용곡동
1233015200,2920015200,구코드,2920015200,1233015200,2026-06-30,광주광역시,광산구,전남광주통합특별시,광산구,지정동
1233015300,2920015300,구코드,2920015300,1233015300,2026-06-30,광주광역시,광산구,전남광주통합특별시,광산구,명화동
1233015400,2920015400,구코드,2920015400,1233015400,2026-06-30,광주광역시,광산구,전남광주통합특별시,광산구,동산동
1233015500,2920015500,구코드,2920015500,1233015500,2026-06-30,광주광역시,광산구,전남광주통합특별시,광산구,연산동
1233015600,2920015600,구코드,2920015600,1233015600,2026-06-30,광주광역시,광산구,전남광주통합특별시,광산구,도덕동
1233015700,2920015700,구코드,2920015700,1233015700,2026-06-30,광주광역시,광산구,전남광주통합특별시,광산구,송산동
1233015800,2920015800,구코드,2920015800,1233015800,2026-06-30,광주광역시,광산구,전남광주통합특별시,광산구,지평동
1233015900,2920015900,구코드,2920015900,1233015900,2026-06-30,광주광역시,광산구,전남광주통합특별시,광산구,오운동
1233016000,2920016000,구코드,2920016000,1233016000,2026-06-30,광주광역시,광산구,전남광주통합특별시,광산구,삼거동
1233016100,2920016100,구코드,2920016100,1233016100,2026-06-30,광주광역시,광산구,전남광주통합특별시,광산구,양동
1233016200,2920016200,구코드,2920016200,1233016200,2026-06-30,광주광역시,광산구,전남광주통합특별시,광산구,내산동
1233016300,2920016300,구코드,2920016300,1233016300,2026-06-30,광주광역시,광산구,전남광주통합특별시,광산구,대산동
1233016400,2920016400,구코드,2920016400,1233016400,2026-06-30,광주광역시,광산구,전남광주통합특별시,광산구,송학동
1233016500,2920016500,구코드,2920016500,1233016500,2026-06-30,광주광역시,광산구,전남광주통합특별시,광산구,신동
1233016600,2920016600,구코드,2920016600,1233016600,2026-06-30,광주광역시,광산구,전남광주통합특별시,광산구,삼도동
1233016700,2920016700,구코드,2920016700,1233016700,2026-06-30,광주광역시,광산구,전남광주통합특별시,광산구,남산동
1233016800,2920016800,구코드,2920016800,1233016800,2026-06-30,광주광역시,광산구,전남광주통합특별시,광산구,송치동
1233016900,2920016900,구코드,2920016900,1233016900,2026-06-30,광주광역시,광산구,전남광주통합특별시,광산구,산수동
1233017000,2920017000,구코드,2920017000,1233017000,2026-06-30,광주광역시,광산구,전남광주통합특별시,광산구,선동
1233017100,2920017100,구코드,2920017100,1233017100,2026-06-30,광주광역시,광산구,전남광주통합특별시,광산구,지산동
1233017200,2920017200,구코드,2920017200,1233017200,2026-06-30,광주광역시,광산구,전남광주통합특별시,광산구,왕동
1233017300,2920017300,구코드,2920017300,1233017300,2026-06-30,광주광역시,광산구,전남광주통합특별시,광산구,북산동
1233017400,2920017400,구코드,2920017400,1233017400,2026-06-30,광주광역시,광산구,전남광주통합특별시,광산구,명도동
1233017500,2920017500,구코드,2920017500,1233017500,2026-06-30,광주광역시,광산구,전남광주통합특별시,광산구,동호동
1233017600,2920017600,구코드,2920017600,1233017600,2026-06-30,광주광역시,광산구,전남광주통합특별시,광산구,덕림동
1233017700,2920017700,구코드,2920017700,1233017700,2026-06-30,광주광역시,광산구,전남광주통합특별시,광산구,양산동
1233017800,2920017800,구코드,2920017800,1233017800,2026-06-30,광주광역시,광산구,전남광주통합특별시,광산구,동림동
1233020200,2920020200,구코드,2920020200,1233020200,2026-06-30,광주광역시,광산구,전남광주통합특별시,광산구,오선동
1211010100,4611010100,구코드,4611010100,1211010100,2026-06-30,전라남도,목포시,전남광주통합특별시,목포시,용당동
1211010200,4611010200,구코드,4611010200,1211010200,2026-06-30,전라남도,목포시,전남광주통합특별시,목포시,산정동
1211010300,4611010300,구코드,4611010300,1211010300,2026-06-30,전라남도,목포시,전남광주통합특별시,목포시,연산동
1211010400,4611010400,구코드,4611010400,1211010400,2026-06-30,전라남도,목포시,전남광주통합특별시,목포시,대성동
1211010500,4611010500,구코드,4611010500,1211010500,2026-06-30,전라남도,목포시,전남광주통합특별시,목포시,양동
1211010600,4611010600,구코드,4611010600,1211010600,2026-06-30,전라남도,목포시,전남광주통합특별시,목포시,북교동
1211010700,4611010700,구코드,4611010700,1211010700,2026-06-30,전라남도,목포시,전남광주통합특별시,목포시,남교동
1211010800,4611010800,구코드,4611010800,1211010800,2026-06-30,전라남도,목포시,전남광주통합특별시,목포시,호남동
1211010900,4611010900,구코드,4611010900,1211010900,2026-06-30,전라남도,목포시,전남광주통합특별시,목포시,대안동
1211011000,4611011000,구코드,4611011000,1211011000,2026-06-30,전라남도,목포시,전남광주통합특별시,목포시,창평동
1211011100,4611011100,구코드,4611011100,1211011100,2026-06-30,전라남도,목포시,전남광주통합특별시,목포시,명륜동
1211011200,4611011200,구코드,4611011200,1211011200,2026-06-30,전라남도,목포시,전남광주통합특별시,목포시,죽동
1211011300,4611011300,구코드,4611011300,1211011300,2026-06-30,전라남도,목포시,전남광주통합특별시,목포시,무안동
1211011400,4611011400,구코드,4611011400,1211011400,2026-06-30,전라남도,목포시,전남광주통합특별시,목포시,측후동
1211011500,4611011500,구코드,4611011500,1211011500,2026-06-30,전라남도,목포시,전남광주통합특별시,목포시,상락동1가
1211011600,4611011600,구코드,4611011600,1211011600,2026-06-30,전라남도,목포시,전남광주통합특별시,목포시,상락동2가
1211011700,4611011700,구코드,4611011700,1211011700,2026-06-30,전라남도,목포시,전남광주통합특별시,목포시,복만동
1211011800,4611011800,구코드,4611011800,1211011800,2026-06-30,전라남도,목포시,전남광주통합특별시,목포시,동명동
1211011900,4611011900,구코드,4611011900,1211011900,2026-06-30,전라남도,목포시,전남광주통합특별시,목포시,광동1가
1211012000,4611012000,구코드,4611012000,1211012000,2026-06-30,전라남도,목포시,전남광주통합특별시,목포시,광동2가
1211012100,4611012100,구코드,4611012100,1211012100,2026-06-30,전라남도,목포시,전남광주통합특별시,목포시,광동3가
1211012200,4611012200,구코드,4611012200,1211012200,2026-06-30,전라남도,목포시,전남광주통합특별시,목포시,영해동1가
1211012300,4611012300,구코드,4611012300,1211012300,2026-06-30,전라남도,목포시,전남광주통합특별시,목포시,영해동2가
1211012400,4611012400,구코드,4611012400,1211012400,2026-06-30,전라남도,목포시,전남광주통합특별시,목포시,행복동1가
1211012500,4611012500,구코드,4611012500,1211012500,2026-06-30,전라남도,목포시,전남광주통합특별시,목포시,행복동2가
1211012600,4611012600,구코드,4611012600,1211012600,2026-06-30,전라남도,목포시,전남광주통합특별시,목포시,축복동1가
1211012700,4611012700,구코드,4611012700,1211012700,2026-06-30,전라남도,목포시,전남광주통합특별시,목포시,축복동2가
1211012800,4611012800,구코드,4611012800,1211012800,2026-06-30,전라남도,목포시,전남광주통합특별시,목포시,축복동3가
1211012900,4611012900,구코드,4611012900,1211012900,2026-06-30,전라남도,목포시,전남광주통합특별시,목포시,보광동1가
1211013000,4611013000,구코드,4611013000,1211013000,2026-06-30,전라남도,목포시,전남광주통합특별시,목포시,보광동2가
1211013100,4611013100,구코드,4611013100,1211013100,2026-06-30,전라남도,목포시,전남광주통합특별시,목포시,보광동3가
1211013200,4611013200,구코드,4611013200,1211013200,2026-06-30,전라남도,목포시,전남광주통합특별시,목포시,유달동
1211013300,4611013300,구코드,4611013300,1211013300,2026-06-30,전라남도,목포시,전남광주통합특별시,목포시,대의동1가
1211013400,4611013400,구코드,4611013400,1211013400,2026-06-30,전라남도,목포시,전남광주통합특별시,목포시,대의동2가
1211013500,4611013500,구코드,4611013500,1211013500,2026-06-30,전라남도,목포시,전남광주통합특별시,목포시,대의동3가
1211013600,4611013600,구코드,4611013600,1211013600,2026-06-30,전라남도,목포시,전남광주통합특별시,목포시,중앙동1가
1211013700,4611013700,구코드,4611013700,1211013700,2026-06-30,전라남도,목포시,전남광주통합특별시,목포시,중앙동2가
1211013800,4611013800,구코드,4611013800,1211013800,2026-06-30,전라남도,목포시,전남광주통합특별시,목포시,중앙동3가
1211013900,4611013900,구코드,4611013900,1211013900,2026-06-30,전라남도,목포시,전남광주통합특별시,목포시,만호동
1211014000,4611014000,구코드,4611014000,1211014000,2026-06-30,전라남도,목포시,전남광주통합특별시,목포시,수강동1가
1211014100,4611014100,구코드,4611014100,1211014100,2026-06-30,전라남도,목포시,전남광주통합특별시,목포시,수강동2가
1211014200,4611014200,구코드,4611014200,1211014200,2026-06-30,전라남도,목포시,전남광주통합특별시,목포시,해안동1가
1211014300,4611014300,구코드,4611014300,1211014300,2026-06-30,전라남도,목포시,전남광주통합특별시,목포시,해안동2가
1211014400,4611014400,구코드,4611014400,1211014400,2026-06-30,전라남도,목포시,전남광주통합특별시,목포시,해안동3가
1211014500,4611014500,구코드,4611014500,1211014500,2026-06-30,전라남도,목포시,전남광주통합특별시,목포시,해안동4가
1211014600,4611014600,구코드,4611014600,1211014600,2026-06-30,전라남도,목포시,전남광주통합특별시,목포시,항동
1211014700,4611014700,구코드,4611014700,1211014700,2026-06-30,전라남도,목포시,전남광주통합특별시,목포시,중동1가
1211014800,4611014800,구코드,4611014800,1211014800,2026-06-30,전라남도,목포시,전남광주통합특별시,목포시,중동2가
1211014900,4611014900,구코드,4611014900,1211014900,2026-06-30,전라남도,목포시,전남광주통합특별시,목포시,유동
1211015000,4611015000,구코드,4611015000,1211015000,2026-06-30,전라남도,목포시,전남광주통합특별시,목포시,금동1가
1211015100,4611015100,구코드,4611015100,1211015100,2026-06-30,전라남도,목포시,전남광주통합특별시,목포시,금동2가
1211015200,4611015200,구코드,4611015200,1211015200,2026-06-30,전라남도,목포시,전남광주통합특별시,목포시,경동1가
1211015300,4611015300,구코드,4611015300,1211015300,2026-06-30,전라남도,목포시,전남광주통합특별시,목포시,경동2가
1211015400,4611015400,구코드,4611015400,1211015400,2026-06-30,전라남도,목포시,전남광주통합특별시,목포시,서산동
1211015500,4611015500,구코드,4611015500,1211015500,2026-06-30,전라남도,목포시,전남광주통합특별시,목포시,금화동
1211015600,4611015600,구코드,4611015600,1211015600,2026-06-30,전라남도,목포시,전남광주통합특별시,목포시,온금동
1211015700,4611015700,구코드,4611015700,1211015700,2026-06-30,전라남도,목포시,전남광주통합특별시,목포시,죽교동
1211015800,4611015800,구코드,4611015800,1211015800,2026-06-30,전라남도,목포시,전남광주통합특별시,목포시,상동
1211015900,4611015900,구코드,4611015900,1211015900,2026-06-30,전라남도,목포시,전남광주통합특별시,목포시,용해동
1211016000,4611016000,구코드,4611016000,1211016000,2026-06-30,전라남도,목포시,전남광주통합특별시,목포시,석현동
1211016100,4611016100,구코드,4611016100,1211016100,2026-06-30,전라남도,목포시,전남광주통합특별시,목포시,달동
1211016200,4611016200,구코드,4611016200,1211016200,2026-06-30,전라남도,목포시,전남광주통합특별시,목포시,율도동
1211016300,4611016300,구코드,4611016300,1211016300,2026-06-30,전라남도,목포시,전남광주통합특별시,목포시,대양동
1211016400,4611016400,구코드,4611016400,1211016400,2026-06-30,전라남도,목포시,전남광주통합특별시,목포시,옥암동
1213010100,4613010100,구코드,4613010100,1213010100,2026-06-30,전라남도,여수시,전남광주통합특별시,여수시,종화동
1213010200,4613010200,구코드,4613010200,1213010200,2026-06-30,전라남도,여수시,전남광주통합특별시,여수시,수정동
1213010300,4613010300,구코드,4613010300,1213010300,2026-06-30,전라남도,여수시,전남광주통합특별시,여수시,공화동
1213010400,4613010400,구코드,4613010400,1213010400,2026-06-30,전라남도,여수시,전남광주통합특별시,여수시,관문동
1213010500,4613010500,구코드,4613010500,1213010500,2026-06-30,전라남도,여수시,전남광주통합특별시,여수시,고소동
1213010600,4613010600,구코드,4613010600,1213010600,2026-06-30,전라남도,여수시,전남광주통합특별시,여수시,동산동
1213010700,4613010700,구코드,4613010700,1213010700,2026-06-30,전라남도,여수시,전남광주통합특별시,여수시,중앙동
1213010800,4613010800,구코드,4613010800,1213010800,2026-06-30,전라남도,여수시,전남광주통합특별시,여수시,교동
1213010900,4613010900,구코드,4613010900,1213010900,2026-06-30,전라남도,여수시,전남광주통합특별시,여수시,군자동
1213011000,4613011000,구코드,4613011000,1213011000,2026-06-30,전라남도,여수시,전남광주통합특별시,여수시,충무동
1213011100,4613011100,구코드,4613011100,1213011100,2026-06-30,전라남도,여수시,전남광주통합특별시,여수시,연등동
1213011200,4613011200,구코드,4613011200,1213011200,2026-06-30,전라남도,여수시,전남광주통합특별시,여수시,광무동
1213011300,4613011300,구코드,4613011300,1213011300,2026-06-30,전라남도,여수시,전남광주통합특별시,여수시,서교동
1213011400,4613011400,구코드,4613011400,1213011400,2026-06-30,전라남도,여수시,전남광주통합특별시,여수시,봉강동
1213011500,4613011500,구코드,4613011500,1213011500,2026-06-30,전라남도,여수시,전남광주통합특별시,여수시,봉산동
1213011600,4613011600,구코드,4613011600,1213011600,2026-06-30,전라남도,여수시,전남광주통합특별시,여수시,남산동
1213011700,4613011700,구코드,4613011700,1213011700,2026-06-30,전라남도,여수시,전남광주통합특별시,여수시,국동
1213011800,4613011800,구코드,4613011800,1213011800,2026-06-30,전라남도,여수시,전남광주통합특별시,여수시,신월동
1213011900,4613011900,구코드,4613011900,1213011900,2026-06-30,전라남도,여수시,전남광주통합특별시,여수시,여서동
1213012000,4613012000,구코드,4613012000,1213012000,2026-06-30,전라남도,여수시,전남광주통합특별시,여수시,문수동
1213012100,4613012100,구코드,4613012100,1213012100,2026-06-30,전라남도,여수시,전남광주통합특별시,여수시,오림동
1213012200,4613012200,구코드,4613012200,1213012200,2026-06-30,전라남도,여수시,전남광주통합특별시,여수시,미평동
1213012300,4613012300,구코드,4613012300,1213012300,2026-06-30,전라남도,여수시,전남광주통합특별시,여수시,둔덕동
1213012400,4613012400,구코드,4613012400,1213012400,2026-06-30,전라남도,여수시,전남광주통합특별시,여수시,오천동
1213012500,4613012500,구코드,4613012500,1213012500,2026-06-30,전라남도,여수시,전남광주통합특별시,여수시,만흥동
1213012600,4613012600,구코드,4613012600,1213012600,2026-06-30,전라남도,여수시,전남광주통합특별시,여수시,덕충동
1213012700,4613012700,구코드,4613012700,1213012700,2026-06-30,전라남도,여수시,전남광주통합특별시,여수시,경호동
1213012800,4613012800,구코드,4613012800,1213012800,2026-06-30,전라남도,여수시,전남광주통합특별시,여수시,학동
1213012900,4613012900,구코드,4613012900,1213012900,2026-06-30,전라남도,여수시,전남광주통합특별시,여수시,학용동
1213013000,4613013000,구코드,4613013000,1213013000,2026-06-30,전라남도,여수시,전남광주통합특별시,여수시,안산동
1213013100,4613013100,구코드,4613013100,1213013100,2026-06-30,전라남도,여수시,전남광주통합특별시,여수시,소호동
1213013200,4613013200,구코드,4613013200,1213013200,2026-06-30,전라남도,여수시,전남광주통합특별시,여수시,시전동
1213013300,4613013300,구코드,4613013300,1213013300,2026-06-30,전라남도,여수시,전남광주통합특별시,여수시,신기동
1213013400,4613013400,구코드,4613013400,1213013400,2026-06-30,전라남도,여수시,전남광주통합특별시,여수시,웅천동
1213013500,4613013500,구코드,4613013500,1213013500,2026-06-30,전라남도,여수시,전남광주통합특별시,여수시,선원동
1213013600,4613013600,구코드,4613013600,1213013600,2026-06-30,전라남도,여수시,전남광주통합특별시,여수시,여천동
1213013700,4613013700,구코드,4613013700,1213013700,2026-06-30,전라남도,여수시,전남광주통합특별시,여수시,화장동
1213013800,4613013800,구코드,4613013800,1213013800,2026-06-30,전라남도,여수시,전남광주통합특별시,여수시,주삼동
1213013900,4613013900,구코드,4613013900,1213013900,2026-06-30,전라남도,여수시,전남광주통합특별시,여수시,봉계동
1213014000,4613014000,구코드,4613014000,1213014000,2026-06-30,전라남도,여수시,전남광주통합특별시,여수시,해산동
1213014100,4613014100,구코드,4613014100,1213014100,2026-06-30,전라남도,여수시,전남광주통합특별시,여수시,화치동
1213014200,4613014200,구코드,4613014200,1213014200,2026-06-30,전라남도,여수시,전남광주통합특별시,여수시,월하동
1213014300,4613014300,구코드,4613014300,1213014300,2026-06-30,전라남도,여수시,전남광주통합특별시,여수시,평여동
1213014400,4613014400,구코드,4613014400,1213014400,2026-06-30,전라남도,여수시,전남광주통합특별시,여수시,중흥동
1213014500,4613014500,구코드,4613014500,1213014500,2026-06-30,전라남도,여수시,전남광주통합특별시,여수시,적량동
1213014600,4613014600,구코드,4613014600,1213014600,2026-06-30,전라남도,여수시,전남광주통합특별시,여수시,월내동
1213014700,4613014700,구코드,4613014700,1213014700,2026-06-30,전라남도,여수시,전남광주통합특별시,여수시,묘도동
1213014800,4613014800,구코드,4613014800,1213014800,2026-06-30,전라남도,여수시,전남광주통합특별시,여수시,낙포동
1213014900,4613014900,구코드,4613014900,1213014900,2026-06-30,전라남도,여수시,전남광주통합특별시,여수시,신덕동
1213015000,4613015000,구코드,4613015000,1213015000,2026-06-30,전라남도,여수시,전남광주통합특별시,여수시,상암동
1213015100,4613015100,구코드,4613015100,1213015100,2026-06-30,전라남도,여수시,전남광주통합특별시,여수시,호명동
1213025000,4613025000,구코드,4613025000,1213025000,2026-06-30,전라남도,여수시,전남광주통합특별시,여수시,돌산읍
1213031000,4613031000,구코드,4613031000,1213031000,2026-06-30,전라남도,여수시,전남광주통합특별시,여수시,소라면
1213032000,4613032000,구코드,4613032000,1213032000,2026-06-30,전라남도,여수시,전남광주통합특별시,여수시,율촌면
1213033000,4613033000,구코드,4613033000,1213033000,2026-06-30,전라남도,여수시,전남광주통합특별시,여수시,화양면
1213034000,4613034000,구코드,4613034000,1213034000,2026-06-30,전라남도,여수시,전남광주통합특별시,여수시,남면
1213035000,4613035000,구코드,4613035000,1213035000,2026-06-30,전라남도,여수시,전남광주통합특별시,여수시,화정면
1213036000,4613036000,구코드,4613036000,1213036000,2026-06-30,전라남도,여수시,전남광주통합특별시,여수시,삼산면
1215010100,4615010100,구코드,4615010100,1215010100,2026-06-30,전라남도,순천시,전남광주통합특별시,순천시,삼거동
1215010200,4615010200,구코드,4615010200,1215010200,2026-06-30,전라남도,순천시,전남광주통합특별시,순천시,와룡동
1215010300,4615010300,구코드,4615010300,1215010300,2026-06-30,전라남도,순천시,전남광주통합특별시,순천시,영동
1215010400,4615010400,구코드,4615010400,1215010400,2026-06-30,전라남도,순천시,전남광주통합특별시,순천시,옥천동
1215010500,4615010500,구코드,4615010500,1215010500,2026-06-30,전라남도,순천시,전남광주통합특별시,순천시,행동
1215010600,4615010600,구코드,4615010600,1215010600,2026-06-30,전라남도,순천시,전남광주통합특별시,순천시,금곡동
1215010700,4615010700,구코드,4615010700,1215010700,2026-06-30,전라남도,순천시,전남광주통합특별시,순천시,매곡동
1215010800,4615010800,구코드,4615010800,1215010800,2026-06-30,전라남도,순천시,전남광주통합특별시,순천시,석현동
1215010900,4615010900,구코드,4615010900,1215010900,2026-06-30,전라남도,순천시,전남광주통합특별시,순천시,가곡동
1215011000,4615011000,구코드,4615011000,1215011000,2026-06-30,전라남도,순천시,전남광주통합특별시,순천시,용당동
1215011100,4615011100,구코드,4615011100,1215011100,2026-06-30,전라남도,순천시,전남광주통합특별시,순천시,조곡동
1215011200,4615011200,구코드,4615011200,1215011200,2026-06-30,전라남도,순천시,전남광주통합특별시,순천시,생목동
1215011300,4615011300,구코드,4615011300,1215011300,2026-06-30,전라남도,순천시,전남광주통합특별시,순천시,덕암동
1215011400,4615011400,구코드,4615011400,1215011400,2026-06-30,전라남도,순천시,전남광주통합특별시,순천시,연향동
1215011500,4615011500,구코드,4615011500,1215011500,2026-06-30,전라남도,순천시,전남광주통합특별시,순천시,풍덕동
1215011600,4615011600,구코드,4615011600,1215011600,2026-06-30,전라남도,순천시,전남광주통합특별시,순천시,남정동
1215011700,4615011700,구코드,4615011700,1215011700,2026-06-30,전라남도,순천시,전남광주통합특별시,순천시,인제동
1215011800,4615011800,구코드,4615011800,1215011800,2026-06-30,전라남도,순천시,전남광주통합특별시,순천시,저전동
1215011900,4615011900,구코드,4615011900,1215011900,2026-06-30,전라남도,순천시,전남광주통합특별시,순천시,장천동
1215012000,4615012000,구코드,4615012000,1215012000,2026-06-30,전라남도,순천시,전남광주통합특별시,순천시,남내동
1215012100,4615012100,구코드,4615012100,1215012100,2026-06-30,전라남도,순천시,전남광주통합특별시,순천시,중앙동
1215012200,4615012200,구코드,4615012200,1215012200,2026-06-30,전라남도,순천시,전남광주통합특별시,순천시,동외동
1215012300,4615012300,구코드,4615012300,1215012300,2026-06-30,전라남도,순천시,전남광주통합특별시,순천시,교량동
1215012400,4615012400,구코드,4615012400,1215012400,2026-06-30,전라남도,순천시,전남광주통합특별시,순천시,대룡동
1215012500,4615012500,구코드,4615012500,1215012500,2026-06-30,전라남도,순천시,전남광주통합특별시,순천시,홍내동
1215012600,4615012600,구코드,4615012600,1215012600,2026-06-30,전라남도,순천시,전남광주통합특별시,순천시,오천동
1215012700,4615012700,구코드,4615012700,1215012700,2026-06-30,전라남도,순천시,전남광주통합특별시,순천시,덕월동
1215012800,4615012800,구코드,4615012800,1215012800,2026-06-30,전라남도,순천시,전남광주통합특별시,순천시,야흥동
1215012900,4615012900,구코드,4615012900,1215012900,2026-06-30,전라남도,순천시,전남광주통합특별시,순천시,인월동
1215013000,4615013000,구코드,4615013000,1215013000,2026-06-30,전라남도,순천시,전남광주통합특별시,순천시,안풍동
1215013100,4615013100,구코드,4615013100,1215013100,2026-06-30,전라남도,순천시,전남광주통합특별시,순천시,대대동
1215013200,4615013200,구코드,4615013200,1215013200,2026-06-30,전라남도,순천시,전남광주통합특별시,순천시,왕지동
1215013300,4615013300,구코드,4615013300,1215013300,2026-06-30,전라남도,순천시,전남광주통합특별시,순천시,조례동
1215025000,4615025000,구코드,4615025000,1215025000,2026-06-30,전라남도,순천시,전남광주통합특별시,순천시,승주읍
1215031000,4615031000,구코드,4615031000,1215031000,2026-06-30,전라남도,순천시,전남광주통합특별시,순천시,해룡면
1215032000,4615032000,구코드,4615032000,1215032000,2026-06-30,전라남도,순천시,전남광주통합특별시,순천시,서면
1215033000,4615033000,구코드,4615033000,1215033000,2026-06-30,전라남도,순천시,전남광주통합특별시,순천시,황전면
1215034000,4615034000,구코드,4615034000,1215034000,2026-06-30,전라남도,순천시,전남광주통합특별시,순천시,월등면
1215035000,4615035000,구코드,4615035000,1215035000,2026-06-30,전라남도,순천시,전남광주통합특별시,순천시,주암면
1215036000,4615036000,구코드,4615036000,1215036000,2026-06-30,전라남도,순천시,전남광주통합특별시,순천시,송광면
1215037000,4615037000,구코드,4615037000,1215037000,2026-06-30,전라남도,순천시,전남광주통합특별시,순천시,외서면
1215038000,4615038000,구코드,4615038000,1215038000,2026-06-30,전라남도,순천시,전남광주통합특별시,순천시,낙안면
1215039000,4615039000,구코드,4615039000,1215039000,2026-06-30,전라남도,순천시,전남광주통합특별시,순천시,별량면
1215040000,4615040000,구코드,4615040000,1215040000,2026-06-30,전라남도,순천시,전남광주통합특별시,순천시,상사면
1217010100,4617010100,구코드,4617010100,1217010100,2026-06-30,전라남도,나주시,전남광주통합특별시,나주시,토계동
1217010200,4617010200,구코드,4617010200,1217010200,2026-06-30,전라남도,나주시,전남광주통합특별시,나주시,송월동
1217010300,4617010300,구코드,4617010300,1217010300,2026-06-30,전라남도,나주시,전남광주통합특별시,나주시,안창동
1217010400,4617010400,구코드,4617010400,1217010400,2026-06-30,전라남도,나주시,전남광주통합특별시,나주시,삼영동
1217010500,4617010500,구코드,4617010500,1217010500,2026-06-30,전라남도,나주시,전남광주통합특별시,나주시,교동
1217010600,4617010600,구코드,4617010600,1217010600,2026-06-30,전라남도,나주시,전남광주통합특별시,나주시,서내동
1217010700,4617010700,구코드,4617010700,1217010700,2026-06-30,전라남도,나주시,전남광주통합특별시,나주시,산정동
1217010800,4617010800,구코드,4617010800,1217010800,2026-06-30,전라남도,나주시,전남광주통합특별시,나주시,경현동
1217010900,4617010900,구코드,4617010900,1217010900,2026-06-30,전라남도,나주시,전남광주통합특별시,나주시,보산동
1217011000,4617011000,구코드,4617011000,1217011000,2026-06-30,전라남도,나주시,전남광주통합특별시,나주시,금계동
1217011100,4617011100,구코드,4617011100,1217011100,2026-06-30,전라남도,나주시,전남광주통합특별시,나주시,금성동
1217011200,4617011200,구코드,4617011200,1217011200,2026-06-30,전라남도,나주시,전남광주통합특별시,나주시,남내동
1217011300,4617011300,구코드,4617011300,1217011300,2026-06-30,전라남도,나주시,전남광주통합특별시,나주시,과원동
1217011400,4617011400,구코드,4617011400,1217011400,2026-06-30,전라남도,나주시,전남광주통합특별시,나주시,성북동
1217011500,4617011500,구코드,4617011500,1217011500,2026-06-30,전라남도,나주시,전남광주통합특별시,나주시,중앙동
1217011600,4617011600,구코드,4617011600,1217011600,2026-06-30,전라남도,나주시,전남광주통합특별시,나주시,대호동
1217011700,4617011700,구코드,4617011700,1217011700,2026-06-30,전라남도,나주시,전남광주통합특별시,나주시,송촌동
1217011800,4617011800,구코드,4617011800,1217011800,2026-06-30,전라남도,나주시,전남광주통합특별시,나주시,석현동
1217011900,4617011900,구코드,4617011900,1217011900,2026-06-30,전라남도,나주시,전남광주통합특별시,나주시,청동
1217012000,4617012000,구코드,4617012000,1217012000,2026-06-30,전라남도,나주시,전남광주통합특별시,나주시,남외동
1217012100,4617012100,구코드,4617012100,1217012100,2026-06-30,전라남도,나주시,전남광주통합특별시,나주시,죽림동
1217012200,4617012200,구코드,4617012200,1217012200,2026-06-30,전라남도,나주시,전남광주통합특별시,나주시,삼도동
1217012300,4617012300,구코드,4617012300,1217012300,2026-06-30,전라남도,나주시,전남광주통합특별시,나주시,영산동
1217012400,4617012400,구코드,4617012400,1217012400,2026-06-30,전라남도,나주시,전남광주통합특별시,나주시,용산동
1217012500,4617012500,구코드,4617012500,1217012500,2026-06-30,전라남도,나주시,전남광주통합특별시,나주시,관정동
1217012600,4617012600,구코드,4617012600,1217012600,2026-06-30,전라남도,나주시,전남광주통합특별시,나주시,평산동
1217012700,4617012700,구코드,4617012700,1217012700,2026-06-30,전라남도,나주시,전남광주통합특별시,나주시,부덕동
1217012800,4617012800,구코드,4617012800,1217012800,2026-06-30,전라남도,나주시,전남광주통합특별시,나주시,이창동
1217012900,4617012900,구코드,4617012900,1217012900,2026-06-30,전라남도,나주시,전남광주통합특별시,나주시,대기동
1217013000,4617013000,구코드,4617013000,1217013000,2026-06-30,전라남도,나주시,전남광주통합특별시,나주시,운곡동
1217013100,4617013100,구코드,4617013100,1217013100,2026-06-30,전라남도,나주시,전남광주통합특별시,나주시,동수동
1217013200,4617013200,구코드,4617013200,1217013200,2026-06-30,전라남도,나주시,전남광주통합특별시,나주시,오량동
1217013300,4617013300,구코드,4617013300,1217013300,2026-06-30,전라남도,나주시,전남광주통합특별시,나주시,진포동
1217013400,4617013400,구코드,4617013400,1217013400,2026-06-30,전라남도,나주시,전남광주통합특별시,나주시,빛가람동
1217025000,4617025000,구코드,4617025000,1217025000,2026-06-30,전라남도,나주시,전남광주통합특별시,나주시,남평읍
1217031000,4617031000,구코드,4617031000,1217031000,2026-06-30,전라남도,나주시,전남광주통합특별시,나주시,세지면
1217032000,4617032000,구코드,4617032000,1217032000,2026-06-30,전라남도,나주시,전남광주통합특별시,나주시,왕곡면
1217033000,4617033000,구코드,4617033000,1217033000,2026-06-30,전라남도,나주시,전남광주통합특별시,나주시,반남면
1217034000,4617034000,구코드,4617034000,1217034000,2026-06-30,전라남도,나주시,전남광주통합특별시,나주시,공산면
1217035000,4617035000,구코드,4617035000,1217035000,2026-06-30,전라남도,나주시,전남광주통합특별시,나주시,동강면
1217036000,4617036000,구코드,4617036000,1217036000,2026-06-30,전라남도,나주시,전남광주통합특별시,나주시,다시면
1217037000,4617037000,구코드,4617037000,1217037000,2026-06-30,전라남도,나주시,전남광주통합특별시,나주시,문평면
1217038000,4617038000,구코드,4617038000,1217038000,2026-06-30,전라남도,나주시,전남광주통합특별시,나주시,노안면
1217039000,4617039000,구코드,4617039000,1217039000,2026-06-30,전라남도,나주시,전남광주통합특별시,나주시,금천면
1217040000,4617040000,구코드,4617040000,1217040000,2026-06-30,전라남도,나주시,전남광주통합특별시,나주시,산포면
1217042000,4617042000,구코드,4617042000,1217042000,2026-06-30,전라남도,나주시,전남광주통합특별시,나주시,다도면
1217043000,4617043000,구코드,4617043000,1217043000,2026-06-30,전라남도,나주시,전남광주통합특별시,나주시,봉황면
1219010100,4623010100,구코드,4623010100,1219010100,2026-06-30,전라남도,광양시,전남광주통합특별시,광양시,황금동
1219010200,4623010200,구코드,4623010200,1219010200,2026-06-30,전라남도,광양시,전남광주통합특별시,광양시,황길동
1219010300,4623010300,구코드,4623010300,1219010300,2026-06-30,전라남도,광양시,전남광주통합특별시,광양시,도이동
1219010400,4623010400,구코드,4623010400,1219010400,2026-06-30,전라남도,광양시,전남광주통합특별시,광양시,성황동
1219010500,4623010500,구코드,4623010500,1219010500,2026-06-30,전라남도,광양시,전남광주통합특별시,광양시,중군동
1219010600,4623010600,구코드,4623010600,1219010600,2026-06-30,전라남도,광양시,전남광주통합특별시,광양시,중동
1219010700,4623010700,구코드,4623010700,1219010700,2026-06-30,전라남도,광양시,전남광주통합특별시,광양시,마동
1219010800,4623010800,구코드,4623010800,1219010800,2026-06-30,전라남도,광양시,전남광주통합특별시,광양시,광영동
1219010900,4623010900,구코드,4623010900,1219010900,2026-06-30,전라남도,광양시,전남광주통합특별시,광양시,태인동
1219011000,4623011000,구코드,4623011000,1219011000,2026-06-30,전라남도,광양시,전남광주통합특별시,광양시,금호동
1219025000,4623025000,구코드,4623025000,1219025000,2026-06-30,전라남도,광양시,전남광주통합특별시,광양시,광양읍
1219031000,4623031000,구코드,4623031000,1219031000,2026-06-30,전라남도,광양시,전남광주통합특별시,광양시,봉강면
1219032000,4623032000,구코드,4623032000,1219032000,2026-06-30,전라남도,광양시,전남광주통합특별시,광양시,옥룡면
1219033000,4623033000,구코드,4623033000,1219033000,2026-06-30,전라남도,광양시,전남광주통합특별시,광양시,옥곡면
1219034000,4623034000,구코드,4623034000,1219034000,2026-06-30,전라남도,광양시,전남광주통합특별시,광양시,진상면
1219035000,4623035000,구코드,4623035000,1219035000,2026-06-30,전라남도,광양시,전남광주통합특별시,광양시,진월면
1219036000,4623036000,구코드,4623036000,1219036000,2026-06-30,전라남도,광양시,전남광주통합특별시,광양시,다압면
1271025000,4671025000,구코드,4671025000,1271025000,2026-06-30,전라남도,담양군,전남광주통합특별시,담양군,담양읍
1271031000,4671031000,구코드,4671031000,1271031000,2026-06-30,전라남도,담양군,전남광주통합특별시,담양군,봉산면
1271032000,4671032000,구코드,4671032000,1271032000,2026-06-30,전라남도,담양군,전남광주통합특별시,담양군,고서면
1271033500,4671033500,구코드,4671033500,1271033500,2026-06-30,전라남도,담양군,전남광주통합특별시,담양군,가사문학면
1271034000,4671034000,구코드,4671034000,1271034000,2026-06-30,전라남도,담양군,전남광주통합특별시,담양군,창평면
1271035000,4671035000,구코드,4671035000,1271035000,2026-06-30,전라남도,담양군,전남광주통합특별시,담양군,대덕면
1271036000,4671036000,구코드,4671036000,1271036000,2026-06-30,전라남도,담양군,전남광주통합특별시,담양군,무정면
1271037000,4671037000,구코드,4671037000,1271037000,2026-06-30,전라남도,담양군,전남광주통합특별시,담양군,금성면
1271038000,4671038000,구코드,4671038000,1271038000,2026-06-30,전라남도,담양군,전남광주통합특별시,담양군,용면
1271039000,4671039000,구코드,4671039000,1271039000,2026-06-30,전라남도,담양군,전남광주통합특별시,담양군,월산면
1271040000,4671040000,구코드,4671040000,1271040000,2026-06-30,전라남도,담양군,전남광주통합특별시,담양군,수북면
1271041000,4671041000,구코드,4671041000,1271041000,2026-06-30,전라남도,담양군,전남광주통합특별시,담양군,대전면
1272025000,4672025000,구코드,4672025000,1272025000,2026-06-30,전라남도,곡성군,전남광주통합특별시,곡성군,곡성읍
1272031000,4672031000,구코드,4672031000,1272031000,2026-06-30,전라남도,곡성군,전남광주통합특별시,곡성군,오곡면
1272032000,4672032000,구코드,4672032000,1272032000,2026-06-30,전라남도,곡성군,전남광주통합특별시,곡성군,삼기면
1272033000,4672033000,구코드,4672033000,1272033000,2026-06-30,전라남도,곡성군,전남광주통합특별시,곡성군,석곡면
1272034000,4672034000,구코드,4672034000,1272034000,2026-06-30,전라남도,곡성군,전남광주통합특별시,곡성군,목사동면
1272035000,4672035000,구코드,4672035000,1272035000,2026-06-30,전라남도,곡성군,전남광주통합특별시,곡성군,죽곡면
1272036000,4672036000,구코드,4672036000,1272036000,2026-06-30,전라남도,곡성군,전남광주통합특별시,곡성군,고달면
1272037000,4672037000,구코드,4672037000,1272037000,2026-06-30,전라남도,곡성군,전남광주통합특별시,곡성군,옥과면
1272038000,4672038000,구코드,4672038000,1272038000,2026-06-30,전라남도,곡성군,전남광주통합특별시,곡성군,입면
1272039000,4672039000,구코드,4672039000,1272039000,2026-06-30,전라남도,곡성군,전남광주통합특별시,곡성군,겸면
1272040000,4672040000,구코드,4672040000,1272040000,2026-06-30,전라남도,곡성군,전남광주통합특별시,곡성군,오산면
1273025000,4673025000,구코드,4673025000,1273025000,2026-06-30,전라남도,구례군,전남광주통합특별시,구례군,구례읍
1273031000,4673031000,구코드,4673031000,1273031000,2026-06-30,전라남도,구례군,전남광주통합특별시,구례군,문척면
1273032000,4673032000,구코드,4673032000,1273032000,2026-06-30,전라남도,구례군,전남광주통합특별시,구례군,간전면
1273033000,4673033000,구코드,4673033000,1273033000,2026-06-30,전라남도,구례군,전남광주통합특별시,구례군,토지면
1273034000,4673034000,구코드,4673034000,1273034000,2026-06-30,전라남도,구례군,전남광주통합특별시,구례군,마산면
1273035000,4673035000,구코드,4673035000,1273035000,2026-06-30,전라남도,구례군,전남광주통합특별시,구례군,광의면
1273036000,4673036000,구코드,4673036000,1273036000,2026-06-30,전라남도,구례군,전남광주통합특별시,구례군,용방면
1273037000,4673037000,구코드,4673037000,1273037000,2026-06-30,전라남도,구례군,전남광주통합특별시,구례군,산동면
1274025000,4677025000,구코드,4677025000,1274025000,2026-06-30,전라남도,고흥군,전남광주통합특별시,고흥군,고흥읍
1274025300,4677025300,구코드,4677025300,1274025300,2026-06-30,전라남도,고흥군,전남광주통합특별시,고흥군,도양읍
1274031000,4677031000,구코드,4677031000,1274031000,2026-06-30,전라남도,고흥군,전남광주통합특별시,고흥군,풍양면
1274032000,4677032000,구코드,4677032000,1274032000,2026-06-30,전라남도,고흥군,전남광주통합특별시,고흥군,도덕면
1274033000,4677033000,구코드,4677033000,1274033000,2026-06-30,전라남도,고흥군,전남광주통합특별시,고흥군,금산면
1274034000,4677034000,구코드,4677034000,1274034000,2026-06-30,전라남도,고흥군,전남광주통합특별시,고흥군,도화면
1274035000,4677035000,구코드,4677035000,1274035000,2026-06-30,전라남도,고흥군,전남광주통합특별시,고흥군,포두면
1274036000,4677036000,구코드,4677036000,1274036000,2026-06-30,전라남도,고흥군,전남광주통합특별시,고흥군,봉래면
1274037000,4677037000,구코드,4677037000,1274037000,2026-06-30,전라남도,고흥군,전남광주통합특별시,고흥군,점암면
1274038000,4677038000,구코드,4677038000,1274038000,2026-06-30,전라남도,고흥군,전남광주통합특별시,고흥군,과역면
1274039000,4677039000,구코드,4677039000,1274039000,2026-06-30,전라남도,고흥군,전남광주통합특별시,고흥군,남양면
1274040000,4677040000,구코드,4677040000,1274040000,2026-06-30,전라남도,고흥군,전남광주통합특별시,고흥군,동강면
1274041000,4677041000,구코드,4677041000,1274041000,2026-06-30,전라남도,고흥군,전남광주통합특별시,고흥군,대서면
1274042000,4677042000,구코드,4677042000,1274042000,2026-06-30,전라남도,고흥군,전남광주통합특별시,고흥군,두원면
1274044000,4677044000,구코드,4677044000,1274044000,2026-06-30,전라남도,고흥군,전남광주통합특별시,고흥군,영남면
1274045000,4677045000,구코드,4677045000,1274045000,2026-06-30,전라남도,고흥군,전남광주통합특별시,고흥군,동일면
1275025000,4678025000,구코드,4678025000,1275025000,2026-06-30,전라남도,보성군,전남광주통합특별시,보성군,보성읍
1275025300,4678025300,구코드,4678025300,1275025300,2026-06-30,전라남도,보성군,전남광주통합특별시,보성군,벌교읍
1275031000,4678031000,구코드,4678031000,1275031000,2026-06-30,전라남도,보성군,전남광주통합특별시,보성군,노동면
1275032000,4678032000,구코드,4678032000,1275032000,2026-06-30,전라남도,보성군,전남광주통합특별시,보성군,미력면
1275033000,4678033000,구코드,4678033000,1275033000,2026-06-30,전라남도,보성군,전남광주통합특별시,보성군,겸백면
1275034000,4678034000,구코드,4678034000,1275034000,2026-06-30,전라남도,보성군,전남광주통합특별시,보성군,율어면
1275035000,4678035000,구코드,4678035000,1275035000,2026-06-30,전라남도,보성군,전남광주통합특별시,보성군,복내면
1275036000,4678036000,구코드,4678036000,1275036000,2026-06-30,전라남도,보성군,전남광주통합특별시,보성군,문덕면
1275037000,4678037000,구코드,4678037000,1275037000,2026-06-30,전라남도,보성군,전남광주통합특별시,보성군,조성면
1275038000,4678038000,구코드,4678038000,1275038000,2026-06-30,전라남도,보성군,전남광주통합특별시,보성군,득량면
1275039000,4678039000,구코드,4678039000,1275039000,2026-06-30,전라남도,보성군,전남광주통합특별시,보성군,회천면
1275040000,4678040000,구코드,4678040000,1275040000,2026-06-30,전라남도,보성군,전남광주통합특별시,보성군,웅치면
1276025000,4679025000,구코드,4679025000,1276025000,2026-06-30,전라남도,화순군,전남광주통합특별시,화순군,화순읍
1276031000,4679031000,구코드,4679031000,1276031000,2026-06-30,전라남도,화순군,전남광주통합특별시,화순군,한천면
1276032000,4679032000,구코드,4679032000,1276032000,2026-06-30,전라남도,화순군,전남광주통합특별시,화순군,춘양면
1276033000,4679033000,구코드,4679033000,1276033000,2026-06-30,전라남도,화순군,전남광주통합특별시,화순군,청풍면
1276034000,4679034000,구코드,4679034000,1276034000,2026-06-30,전라남도,화순군,전남광주통합특별시,화순군,이양면
1276035000,4679035000,구코드,4679035000,1276035000,2026-06-30,전라남도,화순군,전남광주통합특별시,화순군,능주면
1276036000,4679036000,구코드,4679036000,1276036000,2026-06-30,전라남도,화순군,전남광주통합특별시,화순군,도곡면
1276037000,4679037000,구코드,4679037000,1276037000,2026-06-30,전라남도,화순군,전남광주통합특별시,화순군,도암면
1276038000,4679038000,구코드,4679038000,1276038000,2026-06-30,전라남도,화순군,전남광주통합특별시,화순군,이서면
1276039500,4679039500,구코드,4679039500,1276039500,2026-06-30,전라남도,화순군,전남광주통합특별시,화순군,백아면
1276040000,4679040000,구코드,4679040000,1276040000,2026-06-30,전라남도,화순군,전남광주통합특별시,화순군,동복면
1276041500,4679041500,구코드,4679041500,1276041500,2026-06-30,전라남도,화순군,전남광주통합특별시,화순군,사평면
1276042000,4679042000,구코드,4679042000,1276042000,2026-06-30,전라남도,화순군,전남광주통합특별시,화순군,동면
1277025000,4680025000,구코드,4680025000,1277025000,2026-06-30,전라남도,장흥군,전남광주통합특별시,장흥군,장흥읍
1277025300,4680025300,구코드,4680025300,1277025300,2026-06-30,전라남도,장흥군,전남광주통합특별시,장흥군,관산읍
1277025600,4680025600,구코드,4680025600,1277025600,2026-06-30,전라남도,장흥군,전남광주통합특별시,장흥군,대덕읍
1277031000,4680031000,구코드,4680031000,1277031000,2026-06-30,전라남도,장흥군,전남광주통합특별시,장흥군,용산면
1277032000,4680032000,구코드,4680032000,1277032000,2026-06-30,전라남도,장흥군,전남광주통합특별시,장흥군,안양면
1277033000,4680033000,구코드,4680033000,1277033000,2026-06-30,전라남도,장흥군,전남광주통합특별시,장흥군,장동면
1277034000,4680034000,구코드,4680034000,1277034000,2026-06-30,전라남도,장흥군,전남광주통합특별시,장흥군,장평면
1277035000,4680035000,구코드,4680035000,1277035000,2026-06-30,전라남도,장흥군,전남광주통합특별시,장흥군,유치면
1277036000,4680036000,구코드,4680036000,1277036000,2026-06-30,전라남도,장흥군,전남광주통합특별시,장흥군,부산면
1277037000,4680037000,구코드,4680037000,1277037000,2026-06-30,전라남도,장흥군,전남광주통합특별시,장흥군,회진면
1278025000,4681025000,구코드,4681025000,1278025000,2026-06-30,전라남도,강진군,전남광주통합특별시,강진군,강진읍
1278031000,4681031000,구코드,4681031000,1278031000,2026-06-30,전라남도,강진군,전남광주통합특별시,강진군,군동면
1278032000,4681032000,구코드,4681032000,1278032000,2026-06-30,전라남도,강진군,전남광주통합특별시,강진군,칠량면
1278033000,4681033000,구코드,4681033000,1278033000,2026-06-30,전라남도,강진군,전남광주통합특별시,강진군,대구면
1278034000,4681034000,구코드,4681034000,1278034000,2026-06-30,전라남도,강진군,전남광주통합특별시,강진군,도암면
1278035000,4681035000,구코드,4681035000,1278035000,2026-06-30,전라남도,강진군,전남광주통합특별시,강진군,신전면
1278036000,4681036000,구코드,4681036000,1278036000,2026-06-30,전라남도,강진군,전남광주통합특별시,강진군,성전면
1278037000,4681037000,구코드,4681037000,1278037000,2026-06-30,전라남도,강진군,전남광주통합특별시,강진군,작천면
1278038000,4681038000,구코드,4681038000,1278038000,2026-06-30,전라남도,강진군,전남광주통합특별시,강진군,병영면
1278039000,4681039000,구코드,4681039000,1278039000,2026-06-30,전라남도,강진군,전남광주통합특별시,강진군,옴천면
1278040000,4681040000,구코드,4681040000,1278040000,2026-06-30,전라남도,강진군,전남광주통합특별시,강진군,마량면
1279025000,4682025000,구코드,4682025000,1279025000,2026-06-30,전라남도,해남군,전남광주통합특별시,해남군,해남읍
1279031000,4682031000,구코드,4682031000,1279031000,2026-06-30,전라남도,해남군,전남광주통합특별시,해남군,삼산면
1279032000,4682032000,구코드,4682032000,1279032000,2026-06-30,전라남도,해남군,전남광주통합특별시,해남군,화산면
1279033000,4682033000,구코드,4682033000,1279033000,2026-06-30,전라남도,해남군,전남광주통합특별시,해남군,현산면
1279034000,4682034000,구코드,4682034000,1279034000,2026-06-30,전라남도,해남군,전남광주통합특별시,해남군,송지면
1279035000,4682035000,구코드,4682035000,1279035000,2026-06-30,전라남도,해남군,전남광주통합특별시,해남군,북평면
1279036000,4682036000,구코드,4682036000,1279036000,2026-06-30,전라남도,해남군,전남광주통합특별시,해남군,북일면
1279037000,4682037000,구코드,4682037000,1279037000,2026-06-30,전라남도,해남군,전남광주통합특별시,해남군,옥천면
1279038000,4682038000,구코드,4682038000,1279038000,2026-06-30,전라남도,해남군,전남광주통합특별시,해남군,계곡면
1279039000,4682039000,구코드,4682039000,1279039000,2026-06-30,전라남도,해남군,전남광주통합특별시,해남군,마산면
1279040000,4682040000,구코드,4682040000,1279040000,2026-06-30,전라남도,해남군,전남광주통합특별시,해남군,황산면
1279041000,4682041000,구코드,4682041000,1279041000,2026-06-30,전라남도,해남군,전남광주통합특별시,해남군,산이면
1279042000,4682042000,구코드,4682042000,1279042000,2026-06-30,전라남도,해남군,전남광주통합특별시,해남군,문내면
1279043000,4682043000,구코드,4682043000,1279043000,2026-06-30,전라남도,해남군,전남광주통합특별시,해남군,화원면
1280025000,4683025000,구코드,4683025000,1280025000,2026-06-30,전라남도,영암군,전남광주통합특별시,영암군,영암읍
1280025300,4683025300,구코드,4683025300,1280025300,2026-06-30,전라남도,영암군,전남광주통합특별시,영암군,삼호읍
1280031000,4683031000,구코드,4683031000,1280031000,2026-06-30,전라남도,영암군,전남광주통합특별시,영암군,덕진면
1280032000,4683032000,구코드,4683032000,1280032000,2026-06-30,전라남도,영암군,전남광주통합특별시,영암군,금정면
1280033000,4683033000,구코드,4683033000,1280033000,2026-06-30,전라남도,영암군,전남광주통합특별시,영암군,신북면
1280034000,4683034000,구코드,4683034000,1280034000,2026-06-30,전라남도,영암군,전남광주통합특별시,영암군,시종면
1280035000,4683035000,구코드,4683035000,1280035000,2026-06-30,전라남도,영암군,전남광주통합특별시,영암군,도포면
1280036000,4683036000,구코드,4683036000,1280036000,2026-06-30,전라남도,영암군,전남광주통합특별시,영암군,군서면
1280037000,4683037000,구코드,4683037000,1280037000,2026-06-30,전라남도,영암군,전남광주통합특별시,영암군,서호면
1280038000,4683038000,구코드,4683038000,1280038000,2026-06-30,전라남도,영암군,전남광주통합특별시,영암군,학산면
1280039000,4683039000,구코드,4683039000,1280039000,2026-06-30,전라남도,영암군,전남광주통합특별시,영암군,미암면
1281025000,4684025000,구코드,4684025000,1281025000,2026-06-30,전라남도,무안군,전남광주통합특별시,무안군,무안읍
1281025300,4684025300,구코드,4684025300,1281025300,2026-06-30,전라남도,무안군,전남광주통합특별시,무안군,일로읍
1281025600,4684025600,구코드,4684025600,1281025600,2026-06-30,전라남도,무안군,전남광주통합특별시,무안군,삼향읍
1281032000,4684032000,구코드,4684032000,1281032000,2026-06-30,전라남도,무안군,전남광주통합특별시,무안군,몽탄면
1281033000,4684033000,구코드,4684033000,1281033000,2026-06-30,전라남도,무안군,전남광주통합특별시,무안군,청계면
1281034000,4684034000,구코드,4684034000,1281034000,2026-06-30,전라남도,무안군,전남광주통합특별시,무안군,현경면
1281035000,4684035000,구코드,4684035000,1281035000,2026-06-30,전라남도,무안군,전남광주통합특별시,무안군,망운면
1281036000,4684036000,구코드,4684036000,1281036000,2026-06-30,전라남도,무안군,전남광주통합특별시,무안군,해제면
1281037000,4684037000,구코드,4684037000,1281037000,2026-06-30,전라남도,무안군,전남광주통합특별시,무안군,운남면
1282025000,4686025000,구코드,4686025000,1282025000,2026-06-30,전라남도,함평군,전남광주통합특별시,함평군,함평읍
1282031000,4686031000,구코드,4686031000,1282031000,2026-06-30,전라남도,함평군,전남광주통합특별시,함평군,손불면
1282032000,4686032000,구코드,4686032000,1282032000,2026-06-30,전라남도,함평군,전남광주통합특별시,함평군,신광면
1282033000,4686033000,구코드,4686033000,1282033000,2026-06-30,전라남도,함평군,전남광주통합특별시,함평군,학교면
1282034000,4686034000,구코드,4686034000,1282034000,2026-06-30,전라남도,함평군,전남광주통합특별시,함평군,엄다면
1282035000,4686035000,구코드,4686035000,1282035000,2026-06-30,전라남도,함평군,전남광주통합특별시,함평군,대동면
1282036000,4686036000,구코드,4686036000,1282036000,2026-06-30,전라남도,함평군,전남광주통합특별시,함평군,나산면
1282037000,4686037000,구코드,4686037000,1282037000,2026-06-30,전라남도,함평군,전남광주통합특별시,함평군,해보면
1282038000,4686038000,구코드,4686038000,1282038000,2026-06-30,전라남도,함평군,전남광주통합특별시,함평군,월야면
1283025000,4687025000,구코드,4687025000,1283025000,2026-06-30,전라남도,영광군,전남광주통합특별시,영광군,영광읍
1283025300,4687025300,구코드,4687025300,1283025300,2026-06-30,전라남도,영광군,전남광주통합특별시,영광군,백수읍
1283025600,4687025600,구코드,4687025600,1283025600,2026-06-30,전라남도,영광군,전남광주통합특별시,영광군,홍농읍
1283031000,4687031000,구코드,4687031000,1283031000,2026-06-30,전라남도,영광군,전남광주통합특별시,영광군,대마면
1283032000,4687032000,구코드,4687032000,1283032000,2026-06-30,전라남도,영광군,전남광주통합특별시,영광군,묘량면
1283033000,4687033000,구코드,4687033000,1283033000,2026-06-30,전라남도,영광군,전남광주통합특별시,영광군,불갑면
1283034000,4687034000,구코드,4687034000,1283034000,2026-06-30,전라남도,영광군,전남광주통합특별시,영광군,군서면
1283035000,4687035000,구코드,4687035000,1283035000,2026-06-30,전라남도,영광군,전남광주통합특별시,영광군,군남면
1283036000,4687036000,구코드,4687036000,1283036000,2026-06-30,전라남도,영광군,전남광주통합특별시,영광군,염산면
1283037000,4687037000,구코드,4687037000,1283037000,2026-06-30,전라남도,영광군,전남광주통합특별시,영광군,법성면
1283038000,4687038000,구코드,4687038000,1283038000,2026-06-30,전라남도,영광군,전남광주통합특별시,영광군,낙월면
1284025000,4688025000,구코드,4688025000,1284025000,2026-06-30,전라남도,장성군,전남광주통합특별시,장성군,장성읍
1284031000,4688031000,구코드,4688031000,1284031000,2026-06-30,전라남도,장성군,전남광주통합특별시,장성군,진원면
1284032000,4688032000,구코드,4688032000,1284032000,2026-06-30,전라남도,장성군,전남광주통합특별시,장성군,남면
1284033000,4688033000,구코드,4688033000,1284033000,2026-06-30,전라남도,장성군,전남광주통합특별시,장성군,동화면
1284034000,4688034000,구코드,4688034000,1284034000,2026-06-30,전라남도,장성군,전남광주통합특별시,장성군,삼서면
1284035000,4688035000,구코드,4688035000,1284035000,2026-06-30,전라남도,장성군,전남광주통합특별시,장성군,삼계면
1284036000,4688036000,구코드,4688036000,1284036000,2026-06-30,전라남도,장성군,전남광주통합특별시,장성군,황룡면
1284037000,4688037000,구코드,4688037000,1284037000,2026-06-30,전라남도,장성군,전남광주통합특별시,장성군,서삼면
1284038000,4688038000,구코드,4688038000,1284038000,2026-06-30,전라남도,장성군,전남광주통합특별시,장성군,북일면
1284039000,4688039000,구코드,4688039000,1284039000,2026-06-30,전라남도,장성군,전남광주통합특별시,장성군,북이면
1284040000,4688040000,구코드,4688040000,1284040000,2026-06-30,전라남도,장성군,전남광주통합특별시,장성군,북하면
1285025000,4689025000,구코드,4689025000,1285025000,2026-06-30,전라남도,완도군,전남광주통합특별시,완도군,완도읍
1285025300,4689025300,구코드,4689025300,1285025300,2026-06-30,전라남도,완도군,전남광주통합특별시,완도군,금일읍
1285025600,4689025600,구코드,4689025600,1285025600,2026-06-30,전라남도,완도군,전남광주통합특별시,완도군,노화읍
1285031000,4689031000,구코드,4689031000,1285031000,2026-06-30,전라남도,완도군,전남광주통합특별시,완도군,군외면
1285032000,4689032000,구코드,4689032000,1285032000,2026-06-30,전라남도,완도군,전남광주통합특별시,완도군,신지면
1285033000,4689033000,구코드,4689033000,1285033000,2026-06-30,전라남도,완도군,전남광주통합특별시,완도군,고금면
1285034000,4689034000,구코드,4689034000,1285034000,2026-06-30,전라남도,완도군,전남광주통합특별시,완도군,약산면
1285035000,4689035000,구코드,4689035000,1285035000,2026-06-30,전라남도,완도군,전남광주통합특별시,완도군,청산면
1285036000,4689036000,구코드,4689036000,1285036000,2026-06-30,전라남도,완도군,전남광주통합특별시,완도군,소안면
1285037000,4689037000,구코드,4689037000,1285037000,2026-06-30,전라남도,완도군,전남광주통합특별시,완도군,금당면
1285038000,4689038000,구코드,4689038000,1285038000,2026-06-30,전라남도,완도군,전남광주통합특별시,완도군,보길면
1285039000,4689039000,구코드,4689039000,1285039000,2026-06-30,전라남도,완도군,전남광주통합특별시,완도군,생일면
1286025000,4690025000,구코드,4690025000,1286025000,2026-06-30,전라남도,진도군,전남광주통합특별시,진도군,진도읍
1286031000,4690031000,구코드,4690031000,1286031000,2026-06-30,전라남도,진도군,전남광주통합특별시,진도군,군내면
1286032000,4690032000,구코드,4690032000,1286032000,2026-06-30,전라남도,진도군,전남광주통합특별시,진도군,고군면
1286033000,4690033000,구코드,4690033000,1286033000,2026-06-30,전라남도,진도군,전남광주통합특별시,진도군,의신면
1286034000,4690034000,구코드,4690034000,1286034000,2026-06-30,전라남도,진도군,전남광주통합특별시,진도군,임회면
1286035000,4690035000,구코드,4690035000,1286035000,2026-06-30,전라남도,진도군,전남광주통합특별시,진도군,지산면
1286036000,4690036000,구코드,4690036000,1286036000,2026-06-30,전라남도,진도군,전남광주통합특별시,진도군,조도면
1287025000,4691025000,구코드,4691025000,1287025000,2026-06-30,전라남도,신안군,전남광주통합특별시,신안군,지도읍
1287025300,4691025300,구코드,4691025300,1287025300,2026-06-30,전라남도,신안군,전남광주통합특별시,신안군,압해읍
1287031000,4691031000,구코드,4691031000,1287031000,2026-06-30,전라남도,신안군,전남광주통합특별시,신안군,증도면
1287032000,4691032000,구코드,4691032000,1287032000,2026-06-30,전라남도,신안군,전남광주통합특별시,신안군,임자면
1287033000,4691033000,구코드,4691033000,1287033000,2026-06-30,전라남도,신안군,전남광주통합특별시,신안군,자은면
1287034000,4691034000,구코드,4691034000,1287034000,2026-06-30,전라남도,신안군,전남광주통합특별시,신안군,비금면
1287035000,4691035000,구코드,4691035000,1287035000,2026-06-30,전라남도,신안군,전남광주통합특별시,신안군,도초면
1287036000,4691036000,구코드,4691036000,1287036000,2026-06-30,전라남도,신안군,전남광주통합특별시,신안군,흑산면
1287037000,4691037000,구코드,4691037000,1287037000,2026-06-30,전라남도,신안군,전남광주통합특별시,신안군,하의면
1287038000,4691038000,구코드,4691038000,1287038000,2026-06-30,전라남도,신안군,전남광주통합특별시,신안군,신의면
1287039000,4691039000,구코드,4691039000,1287039000,2026-06-30,전라남도,신안군,전남광주통합특별시,신안군,장산면
1287040000,4691040000,구코드,4691040000,1287040000,2026-06-30,전라남도,신안군,전남광주통합특별시,신안군,안좌면
1287041000,4691041000,구코드,4691041000,1287041000,2026-06-30,전라남도,신안군,전남광주통합특별시,신안군,팔금면
1287042000,4691042000,구코드,4691042000,1287042000,2026-06-30,전라남도,신안군,전남광주통합특별시,신안군,암태면
